k,i,j,iseg,ireach,rchlen,strtop,slope,strthick,strhc1
0,242,207,1,1,32.544,66.86691679,0.004927017,1,40
0,241,207,1,2,32.544,66.61557616,0.004927017,1,40
0,240,207,1,3,32.544,66.24904923,0.004927017,1,40
0,240,208,1,4,32.544,65.50327579,0.004927017,1,40
0,239,208,1,5,32.544,65.05750535,0.004927017,1,40
0,238,208,1,6,32.544,64.52702712,0.004927017,1,40
0,237,208,1,7,32.544,63.80474332,0.004927017,1,40
0,236,208,1,8,18.984,63.2169728,0.004927017,1,40
0,236,209,1,9,18.984,62.78537663,0.004927017,1,40
0,235,209,1,10,18.984,62.26931072,0.004927017,1,40
0,235,210,1,11,18.984,61.88240947,0.004927017,1,40
0,234,210,1,12,13.56,61.4603012,0.004927017,1,40
0,234,211,1,13,32.544,61.12412827,0.004927017,1,40
0,234,212,1,14,32.544,60.80808931,0.004927017,1,40
0,233,212,1,15,32.544,60.51449985,0.004927017,1,40
0,233,213,1,16,32.544,60.29337739,0.004927017,1,40
0,232,213,1,17,32.544,60.08089066,0.004927017,1,40
0,232,214,1,18,32.544,59.95902947,0.004927017,1,40
0,232,215,1,19,32.544,59.88499214,0.004927017,1,40
0,231,215,1,20,32.544,59.80714002,0.004927017,1,40
0,231,216,1,21,32.544,59.8483232,0.004927017,1,40
0,231,217,1,22,32.544,59.93849508,0.004927017,1,40
0,230,217,1,23,13.56,59.97569589,0.004927017,1,40
0,230,218,1,24,32.544,60.15227324,0.004927017,1,40
0,229,218,1,25,18.984,60.20709786,0.004927017,1,40
0,229,219,1,26,13.56,60.47774393,0.004927017,1,40
0,228,219,1,27,32.544,60.47062995,0.004927017,1,40
0,228,220,1,28,18.984,60.76040477,0.004927017,1,40
0,227,220,1,29,18.984,60.71188123,0.004927017,1,40
0,227,221,1,30,29.832,60.97245455,0.004927017,1,40
0,227,222,1,31,29.832,61.18625832,0.004927017,1,40
0,227,223,1,32,37.968,61.35207662,0.002451679,1,40
0,227,224,1,33,37.968,61.38406271,0.002451679,1,40
0,228,224,1,34,37.968,61.38354649,0.002451679,1,40
0,228,225,1,35,37.968,61.30360537,0.002451679,1,40
0,229,225,1,36,37.968,61.19053276,0.002451679,1,40
0,229,226,1,37,37.968,60.99933331,0.002451679,1,40
0,230,226,1,38,37.968,60.72692909,0.002451679,1,40
0,230,227,1,39,37.968,60.44779655,0.002451679,1,40
0,231,227,1,40,37.968,60.15049129,0.002451679,1,40
0,231,228,1,41,37.968,59.81385335,0.002451679,1,40
0,232,228,1,42,37.968,59.48841325,0.002451679,1,40
0,232,229,1,43,37.968,59.12638962,0.002451679,1,40
0,233,229,1,44,37.968,58.80246295,0.002451679,1,40
0,233,230,1,45,37.968,58.44163818,0.002451679,1,40
0,234,230,1,46,37.968,58.13996829,0.002451679,1,40
0,234,231,1,47,37.968,57.71974205,0.002451679,1,40
0,234,232,1,48,37.968,57.37901157,0.002451679,1,40
0,235,232,1,49,37.968,57.15504624,0.002451679,1,40
0,235,233,1,50,37.968,56.85907586,0.002451679,1,40
0,236,233,1,51,37.968,56.6733577,0.002451679,1,40
0,236,234,1,52,37.968,56.42706757,0.002451679,1,40
0,237,234,1,53,37.968,56.28127725,0.002451679,1,40
0,237,235,1,54,37.968,56.08790965,0.002451679,1,40
0,237,236,1,55,37.968,55.91934675,0.002451679,1,40
0,238,236,1,56,37.968,55.8329012,0.002451679,1,40
0,238,237,1,57,37.968,55.73004862,0.002451679,1,40
0,239,237,1,58,37.968,55.69635273,0.002451679,1,40
0,239,238,1,59,37.968,55.65322186,0.002451679,1,40
0,239,239,1,60,37.968,55.64562021,0.002451679,1,40
0,240,239,1,61,37.968,55.69153626,0.002451679,1,40
0,240,240,1,62,37.968,55.74407861,0.002451679,1,40
0,241,240,1,63,37.968,55.82680209,0.002451679,1,40
0,241,241,1,64,37.968,55.93699437,0.002451679,1,40
0,242,241,1,65,37.968,56.04970624,0.002451679,1,40
0,242,242,1,66,37.968,56.21035533,0.002451679,1,40
0,242,243,1,67,37.968,56.37335112,0.002451679,1,40
0,243,243,1,68,37.968,56.5363469,0.002451679,1,40
0,243,244,1,69,37.968,56.71738504,0.002451679,1,40
0,244,244,1,70,37.968,56.86926236,0.002451679,1,40
0,244,245,1,71,37.968,57.0380767,0.002451679,1,40
0,244,246,1,72,37.968,57.16641054,0.002451679,1,40
0,245,246,1,73,37.968,57.31271871,0.002451679,1,40
0,245,247,1,74,37.968,57.32404933,0.002451679,1,40
0,245,248,1,75,37.968,57.23389669,0.002451679,1,40
0,245,249,1,76,37.968,57.04266322,0.002451679,1,40
0,246,249,1,77,37.968,57.04952152,0.002451679,1,40
0,246,250,1,78,37.968,56.76466679,0.002451679,1,40
0,246,251,1,79,37.968,56.40892085,0.002451679,1,40
0,247,251,1,80,37.968,56.32487302,0.002451679,1,40
0,247,252,1,81,37.968,55.92850203,0.002451679,1,40
0,247,253,1,82,37.968,55.51179017,0.002451679,1,40
0,248,253,1,83,37.968,55.38075741,0.002451679,1,40
0,248,254,1,84,37.968,54.88949543,0.002451679,1,40
0,248,255,1,85,37.968,54.51539822,0.002451679,1,40
0,249,255,1,86,27.12,54.38873869,0.002451679,1,40
0,249,256,1,87,27.12,54.07280169,0.002451679,1,40
0,249,257,1,88,27.12,53.77040496,0.003077679,1,40
0,249,258,1,89,27.12,53.53403824,0.003077679,1,40
0,249,259,1,90,27.12,53.34534801,0.003077679,1,40
0,248,259,1,91,27.12,53.38735671,0.003077679,1,40
0,248,260,1,92,29.832,53.24355418,0.003077679,1,40
0,248,261,1,93,29.832,53.15335721,0.003077679,1,40
0,248,262,1,94,32.544,53.11896237,0.003077679,1,40
0,248,263,1,95,32.544,53.14387545,0.003077679,1,40
0,247,263,1,96,32.544,53.18113419,0.003077679,1,40
0,247,264,1,97,32.544,53.26654271,0.003077679,1,40
0,247,265,1,98,32.544,53.39720733,0.003077679,1,40
0,247,266,1,99,32.544,53.56384044,0.003077679,1,40
0,246,266,1,100,32.544,53.61089692,0.003077679,1,40
0,246,267,1,101,32.544,53.81432612,0.003077679,1,40
0,246,268,1,102,32.544,54.02228717,0.003077679,1,40
0,246,269,1,103,32.544,54.25817617,0.003077679,1,40
0,245,269,1,104,32.544,54.27511955,0.003077679,1,40
0,245,270,1,105,32.544,54.40574165,0.003077679,1,40
0,245,271,1,106,32.544,54.45889728,0.003077679,1,40
0,245,272,1,107,32.544,54.4181227,0.003077679,1,40
0,244,272,1,108,32.544,54.31774261,0.003077679,1,40
0,244,273,1,109,32.544,54.18072798,0.003077679,1,40
0,244,274,1,110,32.544,53.9557661,0.003077679,1,40
0,243,274,1,111,32.544,53.78654675,0.003077679,1,40
0,243,275,1,112,32.544,53.50576865,0.003077679,1,40
0,243,276,1,113,32.544,53.17955022,0.003077679,1,40
0,243,277,1,114,32.544,52.74893784,0.003077679,1,40
0,243,278,1,115,32.544,52.40159348,0.003077679,1,40
0,242,278,1,116,13.56,52.28356742,0.003077679,1,40
0,242,279,1,117,13.56,51.99399447,0.003077679,1,40
0,242,280,1,118,29.832,51.72360355,0.003077679,1,40
0,242,281,1,119,29.832,51.49537381,0.003077679,1,40
0,242,282,1,120,29.832,51.31679597,0.003077679,1,40
0,241,282,1,121,29.832,51.23972973,0.003077679,1,40
0,241,283,1,122,29.832,51.12830197,0.003077679,1,40
0,241,284,1,123,29.832,51.07216045,0.003077679,1,40
0,241,285,1,124,29.832,51.08749396,0.003077679,1,40
0,241,286,1,125,29.832,51.15666544,0.003077679,1,40
0,241,287,1,126,29.832,51.27456205,0.003077679,1,40
0,241,288,1,127,29.832,51.43066899,0.003077679,1,40
0,241,289,1,128,29.832,51.60913473,0.003077679,1,40
0,241,290,1,129,29.832,51.78905156,0.003077679,1,40
0,241,291,1,130,29.832,51.94608811,0.003077679,1,40
0,241,292,1,131,29.832,52.07897183,0.003077679,1,40
0,241,293,1,132,35.256,52.09565975,0.001724023,1,40
0,241,294,1,133,27.12,52.04609181,0.001724023,1,40
0,242,294,1,134,13.56,52.07492334,0.001724023,1,40
0,242,295,1,135,37.968,51.93493067,0.001724023,1,40
0,242,296,1,136,37.968,51.71773509,0.001724023,1,40
0,243,296,1,137,37.968,51.65414608,0.001724023,1,40
0,243,297,1,138,37.968,51.37807621,0.001724023,1,40
0,244,297,1,139,37.968,51.25146084,0.001724023,1,40
0,244,298,1,140,37.968,50.94288865,0.001724023,1,40
0,245,298,1,141,37.968,50.73292588,0.001724023,1,40
0,245,299,1,142,37.968,50.42148835,0.001724023,1,40
0,246,299,1,143,37.968,50.23152352,0.001724023,1,40
0,247,299,1,144,37.968,50.0200133,0.001724023,1,40
0,247,300,1,145,37.968,49.67778813,0.001724023,1,40
0,248,300,1,146,32.544,49.48921226,0.001724023,1,40
0,248,301,1,147,32.544,49.23432237,0.001724023,1,40
0,249,301,1,148,18.984,49.07238259,0.001724023,1,40
0,250,301,1,149,21.696,48.91114842,0.001724023,1,40
0,250,302,1,150,21.696,48.70608374,0.001724023,1,40
0,251,302,1,151,24.408,48.56973634,0.001724023,1,40
0,251,303,1,152,24.408,48.38501243,0.001724023,1,40
0,252,303,1,153,27.12,48.27275257,0.001724023,1,40
0,252,304,1,154,8.136,48.11599692,0.001724023,1,40
0,253,304,1,155,35.256,48.00627333,0.001724023,1,40
0,253,305,1,156,37.968,47.85961751,0.001724023,1,40
0,254,305,1,157,37.968,47.79113105,0.001724023,1,40
0,254,306,1,158,37.968,47.66278683,0.001724023,1,40
0,255,306,1,159,37.968,47.61589394,0.001724023,1,40
0,255,307,1,160,37.968,47.5050876,0.001724023,1,40
0,256,307,1,161,37.968,47.47924695,0.001724023,1,40
0,256,308,1,162,37.968,47.36681095,0.001724023,1,40
0,257,308,1,163,37.968,47.36523084,0.001724023,1,40
0,257,309,1,164,5.424,47.30326708,0.001724023,1,40
0,258,309,1,165,37.968,47.32358946,0.001724023,1,40
0,258,310,1,166,37.968,47.26304435,0.001724023,1,40
0,259,310,1,167,37.968,47.30666082,0.001724023,1,40
0,260,310,1,168,37.968,47.36076372,0.001724023,1,40
0,260,311,1,169,18.984,47.33814628,0.001724023,1,40
0,261,311,1,170,21.696,47.4517533,0.001724023,1,40
0,261,312,1,171,21.696,47.4457355,0.001724023,1,40
0,262,312,1,172,21.696,47.56429667,0.001724023,1,40
0,263,312,1,173,21.696,47.69385725,0.001724023,1,40
0,263,313,1,174,8.136,47.72067105,0.001724023,1,40
0,264,313,1,175,37.968,47.87006173,0.001724023,1,40
0,265,313,1,176,2.712,48.03998737,0.001724023,1,40
0,265,314,1,177,37.968,48.06940462,0.001724023,1,40
0,266,314,1,178,13.56,48.24855506,0.001724023,1,40
0,266,315,1,179,27.12,48.26155153,0.001724023,1,40
0,267,315,1,180,27.12,48.43268641,0.001724023,1,40
0,267,316,1,181,5.424,48.40102281,0.001724023,1,40
0,268,316,1,182,37.968,48.57121348,0.001724023,1,40
0,269,316,1,183,5.424,48.66573865,0.001724023,1,40
0,269,317,1,184,32.544,48.55704681,0.001724023,1,40
0,270,317,1,185,32.544,48.57631225,0.001724023,1,40
0,270,318,1,186,27.12,48.41029378,0.001724023,1,40
0,271,318,1,187,27.12,48.36915186,0.001724023,1,40
0,272,318,1,188,27.12,48.27081063,0.001724023,1,40
0,272,317,1,189,27.12,48.40503322,0.001724023,1,40
0,273,317,1,190,27.12,48.19989496,0.004219269,1,40
0,274,317,1,191,5.424,48.00850736,0.004219269,1,40
0,274,316,1,192,37.968,48.04512012,0.004219269,1,40
0,275,316,1,193,8.136,47.81946519,0.004219269,1,40
0,275,315,1,194,37.968,47.80502314,0.004219269,1,40
0,275,314,1,195,8.136,47.77036038,0.004219269,1,40
0,276,314,1,196,27.12,47.47442547,0.004219269,1,40
0,276,313,1,197,32.544,47.39769826,0.004219269,1,40
0,277,313,1,198,8.136,47.19994295,0.004219269,1,40
0,277,312,1,199,37.968,47.11693372,0.004219269,1,40
0,277,311,1,200,13.56,47.05251913,0.004219269,1,40
0,278,311,1,201,35.256,46.87612037,0.004219269,1,40
0,278,310,1,202,37.968,46.80341054,0.004219269,1,40
0,279,310,1,203,5.424,46.68967081,0.004219269,1,40
0,279,309,1,204,35.256,46.63956283,0.004219269,1,40
0,279,308,1,205,13.56,46.61963911,0.004219269,1,40
0,280,308,1,206,27.12,46.51902981,0.004219269,1,40
0,280,307,1,207,27.12,46.50739658,0.004219269,1,40
0,281,307,1,208,27.12,46.42365629,0.004219269,1,40
0,281,306,1,209,13.56,46.43827548,0.004219269,1,40
0,282,306,1,210,27.12,46.36317941,0.004219269,1,40
0,283,306,1,211,27.12,46.29398127,0.004219269,1,40
0,284,306,1,212,27.12,46.21006244,0.003269588,1,40
0,285,306,1,213,27.12,46.16817671,0.003269588,1,40
0,285,307,1,214,8.136,46.13761711,0.003269588,1,40
0,286,307,1,215,27.12,46.11091405,0.003269588,1,40
0,287,307,1,216,27.12,46.09402008,0.003269588,1,40
0,288,307,1,217,27.12,46.0826584,0.003269588,1,40
0,289,307,1,218,27.12,46.0699675,0.003269588,1,40
0,290,307,1,219,27.12,46.04760641,0.003269588,1,40
0,291,307,1,220,27.12,46.00019688,0.003269588,1,40
0,292,307,1,221,27.12,45.93208937,0.003269588,1,40
0,293,307,1,222,27.12,45.84076998,0.003269588,1,40
0,294,307,1,223,8.136,45.7453418,0.003269588,1,40
0,294,306,1,224,32.544,45.74754913,0.003269588,1,40
0,295,306,1,225,32.544,45.61570002,0.003269588,1,40
0,296,306,1,226,32.544,45.47333896,0.003269588,1,40
0,297,306,1,227,32.544,45.3259104,0.003269588,1,40
0,298,306,1,228,16.272,45.19180553,0.003269588,1,40
0,298,305,1,229,16.272,45.1955634,0.003269588,1,40
0,299,305,1,230,32.544,45.02067169,0.003269588,1,40
0,300,305,1,231,32.544,44.88294734,0.003269588,1,40
0,301,305,1,232,32.544,44.75558474,0.003269588,1,40
0,302,305,1,233,32.544,44.64170429,0.003269588,1,40
0,303,305,1,234,5.424,44.56691508,0.003269588,1,40
0,303,304,1,235,32.544,44.55058407,0.003269588,1,40
0,304,304,1,236,32.544,44.46842654,0.003269588,1,40
0,305,304,1,237,32.544,44.40529482,0.003269588,1,40
0,306,304,1,238,32.544,44.35993904,0.003269588,1,40
0,307,304,1,239,8.136,44.34967211,0.003269588,1,40
0,307,303,1,240,32.544,44.33525418,0.003269588,1,40
0,308,303,1,241,32.544,44.31201629,0.003269588,1,40
0,309,303,1,242,32.544,44.29068297,0.003269588,1,40
0,310,303,1,243,32.544,44.25270812,0.002430787,1,40
0,311,303,1,244,32.544,44.22797865,0.002430787,1,40
0,312,303,1,245,32.544,44.19395877,0.002430787,1,40
0,313,303,1,246,32.544,44.14966216,0.002430787,1,40
0,314,303,1,247,32.544,44.08464208,0.002430787,1,40
0,315,303,1,248,32.544,44.01700039,0.002430787,1,40
0,316,303,1,249,32.544,43.93944476,0.002430787,1,40
0,317,303,1,250,32.544,43.85232378,0.002430787,1,40
0,318,303,1,251,32.544,43.75600308,0.002430787,1,40
0,319,303,1,252,5.424,43.66782132,0.002430787,1,40
0,319,304,1,253,32.544,43.6006841,0.002430787,1,40
0,320,304,1,254,32.544,43.48521856,0.002430787,1,40
0,321,304,1,255,32.544,43.36221411,0.002430787,1,40
0,322,304,1,256,32.544,43.20386467,0.002430787,1,40
0,323,304,1,257,32.544,43.06643144,0.002430787,1,40
0,324,304,1,258,16.272,42.93456801,0.002430787,1,40
0,324,305,1,259,16.272,42.87680123,0.002430787,1,40
0,325,305,1,260,35.256,42.72809685,0.002430787,1,40
0,326,305,1,261,35.256,42.57836084,0.002430787,1,40
0,327,305,1,262,35.256,42.43078446,0.002430787,1,40
0,328,305,1,263,5.424,42.30820433,0.002430787,1,40
0,328,306,1,264,35.256,42.24228334,0.002430787,1,40
0,329,306,1,265,35.256,42.10996616,0.002430787,1,40
0,330,306,1,266,35.256,41.97543265,0.002430787,1,40
0,331,306,1,267,35.256,41.89066441,0.002430787,1,40
0,332,306,1,268,16.272,41.84562023,0.002430787,1,40
0,332,307,1,269,18.984,41.80769019,0.002430787,1,40
0,333,307,1,270,32.544,41.7815068,0.002430787,1,40
0,334,307,1,271,32.544,41.77749232,0.002430787,1,40
0,334,306,1,272,8.136,41.75561911,0.003990293,1,40
0,335,306,1,273,37.968,41.7390669,0.003990293,1,40
0,336,306,1,274,29.832,41.72876217,0.003990293,1,40
0,337,306,1,275,8.136,41.72679714,0.003990293,1,40
0,337,305,1,276,29.832,41.69653131,0.003990293,1,40
0,338,305,1,277,29.832,41.63482031,0.003990293,1,40
0,339,305,1,278,29.832,41.54852003,0.003990293,1,40
0,340,305,1,279,29.832,41.43850621,0.003990293,1,40
0,341,305,1,280,29.832,41.3085143,0.003990293,1,40
0,342,305,1,281,8.136,41.1869783,0.003990293,1,40
0,342,304,1,282,35.256,41.07830819,0.003990293,1,40
0,343,304,1,283,35.256,40.90614409,0.003990293,1,40
0,344,305,1,284,21.696,40.85951184,0.003990293,1,40
0,159,155,2,1,18.984,69.77619038,0.002434927,1,40
0,159,154,2,2,18.984,70.28409008,0.002434927,1,40
0,160,154,2,3,35.256,70.6239938,0.002434927,1,40
0,160,153,2,4,35.256,71.16876298,0.002434927,1,40
0,161,153,2,5,18.984,71.44750901,0.002434927,1,40
0,161,152,2,6,35.256,71.73971926,0.002434927,1,40
0,161,151,2,7,16.272,71.86731566,0.002434927,1,40
0,162,151,2,8,18.984,71.8979921,0.002434927,1,40
0,162,150,2,9,35.256,71.82239457,0.002434927,1,40
0,162,149,2,10,13.56,71.57258353,0.002434927,1,40
0,163,149,2,11,21.696,71.41703521,0.002434927,1,40
0,163,148,2,12,35.256,71.0019603,0.002434927,1,40
0,164,148,2,13,5.424,70.71442829,0.002434927,1,40
0,164,147,2,14,37.968,70.21190526,0.002434927,1,40
0,164,146,2,15,18.984,69.65512543,0.002434927,1,40
0,165,146,2,16,18.984,69.33677335,0.002434927,1,40
0,165,145,2,17,37.968,68.67903393,0.002434927,1,40
0,165,144,2,18,5.424,68.19332514,0.002434927,1,40
0,166,144,2,19,37.968,67.95652292,0.002434927,1,40
0,166,143,2,20,16.272,67.58209072,0.002434927,1,40
0,167,143,2,21,18.984,67.41325265,0.002434927,1,40
0,167,142,2,22,37.968,67.15973448,0.002434927,1,40
0,167,141,2,23,10.848,66.98892573,0.002434927,1,40
0,168,141,2,24,27.12,66.96515579,0.002434927,1,40
0,168,140,2,25,27.12,66.92152964,0.002434927,1,40
0,169,140,2,26,10.848,67.01526836,0.002434927,1,40
0,169,139,2,27,37.968,67.11486562,0.002434927,1,40
0,169,138,2,28,5.424,67.28458792,0.002434927,1,40
0,170,138,2,29,37.968,67.50076609,0.002434927,1,40
0,171,138,2,30,8.136,67.73716832,0.002434927,1,40
0,171,137,2,31,37.968,68.16116514,0.002434927,1,40
0,172,137,2,32,27.12,68.4577249,0.002434927,1,40
0,172,136,2,33,27.12,68.88131235,0.002434927,1,40
0,173,136,2,34,13.56,69.20400448,0.002434927,1,40
0,173,135,2,35,27.12,69.66419245,0.002434927,1,40
0,174,135,2,36,37.968,69.93488879,0.002434927,1,40
0,174,134,2,37,5.424,70.38313672,0.002434927,1,40
0,175,134,2,38,37.968,70.54897429,0.002434927,1,40
0,175,133,2,39,35.256,70.87711619,0.002434927,1,40
0,175,132,2,40,27.12,70.99654051,0.003645858,1,40
0,175,131,2,41,27.12,70.94818587,0.003645858,1,40
0,175,130,2,42,27.12,70.61010495,0.003645858,1,40
0,175,129,2,43,27.12,70.14122123,0.003645858,1,40
0,175,128,2,44,27.12,69.55381235,0.003645858,1,40
0,175,127,2,45,27.12,68.90606956,0.003645858,1,40
0,175,126,2,46,27.12,68.25330463,0.003645858,1,40
0,175,125,2,47,27.12,67.64097202,0.003645858,1,40
0,175,124,2,48,2.712,67.12483284,0.003645858,1,40
0,176,124,2,49,32.544,67.10098402,0.003645858,1,40
0,176,123,2,50,35.256,66.66652365,0.003645858,1,40
0,176,122,2,51,37.968,66.28747499,0.003645858,1,40
0,176,121,2,52,10.848,66.1314908,0.003645858,1,40
0,177,121,2,53,27.12,66.15086726,0.003645858,1,40
0,177,120,2,54,35.256,66.12164278,0.003645858,1,40
0,177,119,2,55,35.256,66.19288977,0.003645858,1,40
0,178,119,2,56,5.424,66.28656076,0.003645858,1,40
0,178,118,2,57,35.256,66.48348637,0.003645858,1,40
0,178,117,2,58,35.256,66.73197126,0.003645858,1,40
0,178,116,2,59,35.256,66.99195724,0.003645858,1,40
0,178,115,2,60,27.12,67.22543288,0.003645858,1,40
0,179,115,2,61,8.136,67.40680816,0.003645858,1,40
0,179,114,2,62,32.544,67.60980663,0.003645858,1,40
0,179,113,2,63,27.12,67.62703479,0.003645858,1,40
0,180,113,2,64,27.12,67.68903155,0.003645858,1,40
0,180,112,2,65,27.12,67.50937216,0.005419297,1,40
0,181,112,2,66,27.12,67.41012734,0.005419297,1,40
0,182,112,2,67,27.12,67.16862965,0.005419297,1,40
0,183,112,2,68,27.12,66.8068496,0.005419297,1,40
0,184,112,2,69,27.12,66.24667738,0.005419297,1,40
0,185,112,2,70,27.12,65.74227603,0.005419297,1,40
0,186,112,2,71,27.12,65.23042081,0.005419297,1,40
0,187,112,2,72,27.12,64.73654559,0.005419297,1,40
0,188,112,2,73,27.12,64.27838095,0.005419297,1,40
0,189,112,2,74,27.12,63.86712757,0.005419297,1,40
0,190,112,2,75,13.56,63.52799427,0.005419297,1,40
0,190,111,2,76,13.56,63.41822502,0.005419297,1,40
0,191,111,2,77,29.832,63.12464961,0.005419297,1,40
0,192,111,2,78,29.832,62.84873677,0.005419297,1,40
0,193,111,2,79,29.832,62.68467178,0.005419297,1,40
0,194,111,2,80,29.832,62.57798181,0.005419297,1,40
0,195,111,2,81,29.832,62.52768624,0.005419297,1,40
0,196,111,2,82,29.832,62.53196552,0.005419297,1,40
0,197,111,2,83,8.136,62.61778783,0.005419297,1,40
0,197,110,2,84,32.544,62.56572679,0.005419297,1,40
0,198,110,2,85,35.256,62.67693426,0.005419297,1,40
0,199,110,2,86,35.256,62.87989527,0.005419297,1,40
0,200,110,2,87,8.136,63.09315338,0.005419297,1,40
0,200,109,2,88,35.256,63.04114076,0.005419297,1,40
0,201,109,2,89,35.256,63.22153608,0.005419297,1,40
0,202,109,2,90,27.12,63.38209433,0.005419297,1,40
0,203,109,2,91,27.12,63.48250006,0.005419297,1,40
0,204,109,2,92,27.12,63.49794293,0.005419297,1,40
0,205,109,2,93,8.136,63.41524102,0.004055806,1,40
0,205,108,2,94,35.256,63.29509399,0.004055806,1,40
0,206,108,2,95,35.256,63.11557669,0.004055806,1,40
0,207,108,2,96,35.256,62.78829122,0.004055806,1,40
0,208,108,2,97,8.136,62.48779317,0.004055806,1,40
0,208,107,2,98,35.256,62.26619404,0.004055806,1,40
0,209,107,2,99,32.544,61.93667399,0.004055806,1,40
0,210,107,2,100,32.544,61.60574252,0.004055806,1,40
0,210,106,2,101,13.56,61.43144141,0.004055806,1,40
0,211,106,2,102,29.832,61.13917815,0.004055806,1,40
0,212,106,2,103,29.832,60.87055758,0.004055806,1,40
0,212,105,2,104,13.56,60.71385668,0.004055806,1,40
0,213,105,2,105,37.968,60.48418142,0.004055806,1,40
0,214,105,2,106,10.848,60.31279826,0.004055806,1,40
0,214,104,2,107,32.544,60.15755724,0.004055806,1,40
0,215,104,2,108,21.696,59.99386253,0.004055806,1,40
0,215,103,2,109,5.424,59.87762706,0.004055806,1,40
0,216,103,2,110,35.256,59.7700581,0.004055806,1,40
0,216,102,2,111,8.136,59.66033681,0.004055806,1,40
0,217,102,2,112,27.12,59.59599942,0.004055806,1,40
0,218,102,2,113,27.12,59.55340864,0.004055806,1,40
0,219,102,2,114,27.12,59.53086398,0.004055806,1,40
0,220,102,2,115,10.848,59.54305594,0.004055806,1,40
0,220,103,2,116,32.544,59.57220062,0.004055806,1,40
0,221,103,2,117,32.544,59.56622421,0.004055806,1,40
0,222,103,2,118,29.832,59.5833479,0.004055806,1,40
0,222,102,2,119,10.848,59.53470431,0.004055806,1,40
0,223,102,2,120,37.968,59.55290592,0.004055806,1,40
0,223,101,2,121,8.136,59.53878982,0.004055806,1,40
0,224,101,2,122,37.968,59.57777443,0.004055806,1,40
0,225,101,2,123,8.136,59.6415386,0.004055806,1,40
0,225,100,2,124,37.968,59.64394535,0.004055806,1,40
0,226,100,2,125,10.848,59.70647225,0.004055806,1,40
0,226,99,2,126,27.12,59.72191402,0.004055806,1,40
0,227,99,2,127,32.544,59.73838428,0.004055806,1,40
0,227,98,2,128,27.12,59.66789041,0.003664115,1,40
0,228,98,2,129,13.56,59.6507264,0.003664115,1,40
0,228,97,2,130,37.968,59.53432387,0.003664115,1,40
0,228,96,2,131,10.848,59.37991842,0.003664115,1,40
0,229,96,2,132,27.12,59.28675861,0.003664115,1,40
0,229,95,2,133,32.544,59.06303848,0.003664115,1,40
0,229,94,2,134,32.544,58.80730919,0.003664115,1,40
0,229,93,2,135,5.424,58.5637362,0.003664115,1,40
0,230,93,2,136,32.544,58.41727282,0.003664115,1,40
0,230,92,2,137,32.544,58.16803946,0.003664115,1,40
0,230,91,2,138,32.544,57.89084697,0.003664115,1,40
0,230,90,2,139,16.272,57.71111978,0.003664115,1,40
0,231,90,2,140,16.272,57.64520451,0.003664115,1,40
0,231,89,2,141,37.968,57.50305918,0.003664115,1,40
0,232,89,2,142,13.56,57.46441212,0.003664115,1,40
0,232,88,2,143,35.256,57.38889601,0.003664115,1,40
0,232,87,2,144,32.544,57.34943688,0.003664115,1,40
0,233,87,2,145,13.56,57.36644167,0.003664115,1,40
0,233,86,2,146,32.544,57.37642187,0.003664115,1,40
0,233,85,2,147,35.256,57.38945102,0.003664115,1,40
0,233,84,2,148,8.136,57.41858164,0.003664115,1,40
0,234,84,2,149,32.544,57.47015335,0.003664115,1,40
0,234,83,2,150,32.544,57.43897568,0.003664115,1,40
0,234,82,2,151,32.544,57.35656464,0.003664115,1,40
0,234,81,2,152,32.544,57.22083995,0.003664115,1,40
0,234,80,2,153,32.544,57.03735093,0.003664115,1,40
0,234,79,2,154,32.544,56.81662369,0.003664115,1,40
0,234,78,2,155,32.544,56.57122213,0.003664115,1,40
0,234,77,2,156,27.12,56.318589,0.003664115,1,40
0,235,77,2,157,5.424,56.32402938,0.003664115,1,40
0,235,76,2,158,37.968,55.99389895,0.003664115,1,40
0,235,75,2,159,18.984,55.75202337,0.003664115,1,40
0,236,75,2,160,18.984,55.71116725,0.003664115,1,40
0,236,74,2,161,35.256,55.47198042,0.003664115,1,40
0,236,73,2,162,8.136,55.28254519,0.003664115,1,40
0,236,72,2,163,27.12,55.10315562,0.003664115,1,40
0,237,72,2,164,35.256,55.04542395,0.003664115,1,40
0,237,71,2,165,35.256,54.89763641,0.003664115,1,40
0,237,70,2,166,13.56,54.80408006,0.003664115,1,40
0,238,70,2,167,37.968,54.75460655,0.003664115,1,40
0,238,69,2,168,18.984,54.70714681,0.003664115,1,40
0,239,69,2,169,13.56,54.68887462,0.003664115,1,40
0,239,68,2,170,35.256,54.6844566,0.003664115,1,40
0,239,67,2,171,16.272,54.69169278,0.003731877,1,40
0,240,67,2,172,18.984,54.68300265,0.003731877,1,40
0,240,66,2,173,35.256,54.73699224,0.003731877,1,40
0,240,65,2,174,32.544,54.79983546,0.003731877,1,40
0,240,64,2,175,5.424,54.87803948,0.003731877,1,40
0,241,64,2,176,32.544,54.84511312,0.003731877,1,40
0,241,63,2,177,32.544,54.87068129,0.003731877,1,40
0,241,62,2,178,32.544,54.85156019,0.003731877,1,40
0,241,61,2,179,32.544,54.75892062,0.003731877,1,40
0,241,60,2,180,32.544,54.61615868,0.003731877,1,40
0,241,59,2,181,2.712,54.45351426,0.003731877,1,40
0,242,59,2,182,32.544,54.36676127,0.003731877,1,40
0,242,58,2,183,32.544,54.1392887,0.003731877,1,40
0,242,57,2,184,35.256,53.88548415,0.003731877,1,40
0,242,56,2,185,32.544,53.62295851,0.003731877,1,40
0,242,55,2,186,27.12,53.36487054,0.003731877,1,40
0,242,54,2,187,32.544,53.10897687,0.003731877,1,40
0,242,53,2,188,37.968,52.81073846,0.003731877,1,40
0,242,52,2,189,5.424,52.61557788,0.003731877,1,40
0,243,52,2,190,32.544,52.533677,0.003731877,1,40
0,243,51,2,191,32.544,52.33988859,0.003731877,1,40
0,243,50,2,192,32.544,52.16653175,0.003731877,1,40
0,244,50,2,193,8.136,52.1199389,0.003731877,1,40
0,244,49,2,194,35.256,51.97589907,0.003731877,1,40
0,244,48,2,195,35.256,51.85136403,0.003731877,1,40
0,244,47,2,196,8.136,51.77025662,0.003731877,1,40
0,245,47,2,197,27.12,51.74726906,0.003731877,1,40
0,245,46,2,198,35.256,51.67460224,0.003731877,1,40
0,245,45,2,199,16.272,51.62489279,0.003731877,1,40
0,246,45,2,200,18.984,51.65464539,0.003731877,1,40
0,246,44,2,201,32.544,51.61817915,0.003731877,1,40
0,247,44,2,202,27.12,51.66689903,0.003731877,1,40
0,248,44,2,203,27.12,51.69055109,0.004198622,1,40
0,249,44,2,204,27.12,51.74573006,0.004198622,1,40
0,250,44,2,205,27.12,51.7948524,0.004198622,1,40
0,250,43,2,206,8.136,51.8426676,0.004198622,1,40
0,251,43,2,207,37.968,51.87711533,0.004198622,1,40
0,252,43,2,208,27.12,51.88964281,0.004198622,1,40
0,252,42,2,209,16.272,51.91425164,0.004198622,1,40
0,253,42,2,210,37.968,51.86085698,0.004198622,1,40
0,254,42,2,211,5.424,51.77711459,0.004198622,1,40
0,254,41,2,212,37.968,51.72223765,0.004198622,1,40
0,255,41,2,213,27.12,51.55096612,0.004198622,1,40
0,255,40,2,214,10.848,51.46554201,0.004198622,1,40
0,256,40,2,215,37.968,51.23230483,0.004198622,1,40
0,257,40,2,216,5.424,51.00004606,0.004198622,1,40
0,257,39,2,217,32.544,50.8570727,0.004198622,1,40
0,258,39,2,218,35.256,50.58570647,0.004198622,1,40
0,259,39,2,219,10.848,50.3397746,0.004198622,1,40
0,259,38,2,220,35.256,50.19817671,0.004198622,1,40
0,260,38,2,221,35.256,49.95126374,0.004198622,1,40
0,261,38,2,222,35.256,49.67766702,0.004198622,1,40
0,261,37,2,223,5.424,49.57927763,0.004198622,1,40
0,262,37,2,224,35.256,49.39584166,0.004198622,1,40
0,263,37,2,225,35.256,49.23552689,0.004198622,1,40
0,264,37,2,226,35.256,49.09902768,0.004198622,1,40
0,264,36,2,227,5.424,49.05975915,0.004198622,1,40
0,265,36,2,228,27.12,48.96435278,0.004198622,1,40
0,266,36,2,229,13.56,48.90405453,0.004198622,1,40
0,266,37,2,230,16.272,48.90298573,0.004198622,1,40
0,267,37,2,231,27.12,48.83942982,0.004198622,1,40
0,268,37,2,232,27.12,48.78921152,0.004198622,1,40
0,269,37,2,233,27.12,48.75488727,0.004198622,1,40
0,270,37,2,234,27.12,48.72079826,0.004198622,1,40
0,271,37,2,235,27.12,48.6637071,0.004198622,1,40
0,271,36,2,236,5.424,48.70950631,0.004198622,1,40
0,272,36,2,237,32.544,48.57271428,0.004198622,1,40
0,273,36,2,238,35.256,48.55875909,0.004198622,1,40
0,273,35,2,239,5.424,48.56453976,0.004198622,1,40
0,274,35,2,240,35.256,48.50420898,0.004198622,1,40
0,274,34,2,241,5.424,48.48510277,0.004198622,1,40
0,274,33,2,242,35.256,48.41685897,0.004198622,1,40
0,275,33,2,243,16.272,48.34345356,0.004198622,1,40
0,275,32,2,244,18.984,48.26747844,0.004198622,1,40
0,276,32,2,245,16.272,48.14393082,0.004198622,1,40
0,276,31,2,246,18.984,48.04174809,0.004198622,1,40
0,277,31,2,247,8.136,47.91826581,0.004198622,1,40
0,277,30,2,248,27.12,47.760125,0.004198622,1,40
0,278,30,2,249,5.424,47.61277807,0.004198622,1,40
0,278,29,2,250,37.968,47.4566276,0.004198622,1,40
0,278,28,2,251,5.424,47.34029788,0.004198622,1,40
0,279,28,2,252,37.968,47.13605429,0.004198622,1,40
0,279,27,2,253,5.424,47.03183216,0.004198622,1,40
0,280,27,2,254,37.968,46.82480542,0.004198622,1,40
0,280,26,2,255,5.424,46.74731522,0.004198622,1,40
0,281,26,2,256,37.968,46.55418728,0.004198622,1,40
0,281,25,2,257,18.984,46.49971787,0.004198622,1,40
0,282,25,2,258,18.984,46.35749961,0.004198622,1,40
0,282,24,2,259,18.984,46.34194341,0.004198622,1,40
0,283,24,2,260,18.984,46.23931006,0.004198622,1,40
0,283,23,2,261,18.984,46.25134171,0.004198622,1,40
0,283,22,2,262,18.984,46.279001,0.004198622,1,40
0,284,22,2,263,18.984,46.20617182,0.004198622,1,40
0,284,21,2,264,18.984,46.21669286,0.004198622,1,40
0,285,21,2,265,18.984,46.16720311,0.004198622,1,40
0,285,20,2,266,18.984,46.15591518,0.004198622,1,40
0,285,19,2,267,18.984,46.12852347,0.004198622,1,40
0,286,19,2,268,18.984,46.06311416,0.004198622,1,40
0,286,18,2,269,18.984,46.00753943,0.004198622,1,40
0,287,18,2,270,18.984,45.92798475,0.004198622,1,40
0,287,17,2,271,18.984,45.84411929,0.004198622,1,40
0,288,17,2,272,18.984,45.74851752,0.004198622,1,40
0,288,16,2,273,18.984,45.6378181,0.004198622,1,40
0,288,15,2,274,18.984,45.5162893,0.004198622,1,40
0,289,15,2,275,18.984,45.39356732,0.004198622,1,40
0,289,14,2,276,18.984,45.2183536,0.004198622,1,40
0,289,13,2,277,18.984,45.07089494,0.004198622,1,40
0,290,13,2,278,18.984,44.92759969,0.004198622,1,40
0,290,12,2,279,18.984,44.77184257,0.004198622,1,40
0,291,12,2,280,18.984,44.61941561,0.004198622,1,40
0,291,11,2,281,18.984,44.46947988,0.004198622,1,40
0,292,11,2,282,18.984,44.38087002,0.004198622,1,40
0,292,10,2,283,18.984,44.25771157,0.004198622,1,40
0,292,9,2,284,18.984,44.12923857,0.006372447,1,40
0,293,9,2,285,18.984,44.07973837,0.006372447,1,40
0,294,9,2,286,18.984,44.06896431,0.006372447,1,40
0,294,8,2,287,18.984,44.01782311,0.006372447,1,40
0,295,8,2,288,18.984,44.03272101,0.006372447,1,40
0,295,7,2,289,18.984,44.01632113,0.006372447,1,40
0,296,7,2,290,18.984,44.02986711,0.006372447,1,40
0,296,6,2,291,18.984,44.01932547,0.006372447,1,40
0,297,6,2,292,18.984,44.0126808,0.006372447,1,40
0,297,5,2,293,18.984,43.99035749,0.006372447,1,40
0,298,5,2,294,18.984,43.95347503,0.006372447,1,40
0,298,4,2,295,18.984,43.9085265,0.006372447,1,40
0,298,3,2,296,18.984,43.85359318,0.006372447,1,40
0,299,3,2,297,18.984,43.75145952,0.006372447,1,40
0,299,2,2,298,18.984,43.66125774,0.006372447,1,40
0,299,1,2,299,18.984,43.55624173,0.006372447,1,40
0,300,1,2,300,18.984,43.42583151,0.006372447,1,40
0,300,0,2,301,18.984,43.29036797,0.006372447,1,40
0,91,295,3,1,35.256,45.38502943,0.01237315,1,40
0,91,296,3,2,10.848,44.94489728,0.01237315,1,40
0,92,296,3,3,32.544,44.60933588,0.01237315,1,40
0,92,297,3,4,35.256,44.20192739,0.01237315,1,40
0,93,298,3,5,2.712,43.72537724,0.01237315,1,40
0,93,299,3,6,35.256,43.33149059,0.01237315,1,40
0,93,300,3,7,16.272,42.94869386,0.01237315,1,40
0,94,300,3,8,18.984,42.74965285,0.01237315,1,40
0,94,301,3,9,32.544,42.41762851,0.01237315,1,40
0,94,302,3,10,21.696,42.15001105,0.01237315,1,40
0,95,302,3,11,21.696,41.97685945,0.01237315,1,40
0,95,303,3,12,16.272,41.77162939,0.01237315,1,40
0,96,303,3,13,27.12,41.61123001,0.01237315,1,40
0,96,304,3,14,32.544,41.42293166,0.005382391,1,40
0,97,304,3,15,32.544,41.33543191,0.005382391,1,40
0,97,305,3,16,27.12,41.23721524,0.005382391,1,40
0,98,305,3,17,10.848,41.20723147,0.005382391,1,40
0,98,306,3,18,32.544,41.13669141,0.005382391,1,40
0,98,307,3,19,27.12,41.09341238,0.005382391,1,40
0,98,308,3,20,27.12,41.05851117,0.005382391,1,40
0,98,309,3,21,27.12,41.01661521,0.005382391,1,40
0,97,309,3,22,5.424,41.01048579,0.005382391,1,40
0,97,310,3,23,37.968,40.93597879,0.005382391,1,40
0,96,310,3,24,5.424,40.92594954,0.005382391,1,40
0,96,311,3,25,37.968,40.82611635,0.005382391,1,40
0,95,311,3,26,2.712,40.81258078,0.005382391,1,40
0,95,312,3,27,35.256,40.68916399,0.005382391,1,40
0,94,312,3,28,35.256,40.62253837,0.005382391,1,40
0,93,312,3,29,5.424,40.59552959,0.005382391,1,40
0,93,313,3,30,35.256,40.44141869,0.005382391,1,40
0,92,313,3,31,35.256,40.36660231,0.005382391,1,40
0,91,313,3,32,5.424,40.32686525,0.005382391,1,40
0,91,314,3,33,35.256,40.14667711,0.005382391,1,40
0,90,314,3,34,10.848,40.10213135,0.005382391,1,40
0,90,315,3,35,32.544,39.87371646,0.005382391,1,40
0,90,316,3,36,32.544,39.6729461,0.005382391,1,40
0,89,316,3,37,32.544,39.5933622,0.005382391,1,40
0,89,317,3,38,32.544,39.3842452,0.005382391,1,40
0,89,318,3,39,32.544,39.17034694,0.005382391,1,40
0,89,319,3,40,32.544,38.95296833,0.005382391,1,40
0,88,319,3,41,32.544,38.87179729,0.005382391,1,40
0,88,320,3,42,32.544,38.65124156,0.005382391,1,40
0,88,321,3,43,32.544,38.43373226,0.002462347,1,40
0,87,321,3,44,32.544,38.37901397,0.002462347,1,40
0,87,322,3,45,32.544,38.18174523,0.002462347,1,40
0,87,323,3,46,32.544,37.9434915,0.002462347,1,40
0,87,324,3,47,32.544,37.75369364,0.002462347,1,40
0,86,324,3,48,32.544,37.70183787,0.002462347,1,40
0,86,325,3,49,32.544,37.51775938,0.002462347,1,40
0,86,326,3,50,32.544,37.34329723,0.002462347,1,40
0,86,327,3,51,32.544,37.18180428,0.002462347,1,40
0,85,327,3,52,32.544,37.13720116,0.002462347,1,40
0,85,328,3,53,32.544,36.99205004,0.002462347,1,40
0,85,329,3,54,32.544,36.8675884,0.002462347,1,40
0,85,330,3,55,32.544,36.76695083,0.002462347,1,40
0,84,330,3,56,32.544,36.73631452,0.002462347,1,40
0,84,331,3,57,27.12,36.65576633,0.002462347,1,40
0,84,332,3,58,27.12,36.61440627,0.002462347,1,40
0,84,333,3,59,27.12,36.55105208,0.004047574,1,40
0,85,333,3,60,13.56,36.54166908,0.004047574,1,40
0,85,334,3,61,35.256,36.50296579,0.004047574,1,40
0,85,335,3,62,35.256,36.46048454,0.004047574,1,40
0,86,335,3,63,35.256,36.41969247,0.004047574,1,40
0,86,336,3,64,35.256,36.35606545,0.004047574,1,40
0,86,337,3,65,35.256,36.27146555,0.004047574,1,40
0,87,337,3,66,35.256,36.2090969,0.004047574,1,40
0,87,338,3,67,35.256,36.06882248,0.004047574,1,40
0,87,339,3,68,35.256,35.9235259,0.004047574,1,40
0,87,340,3,69,35.256,35.75853464,0.004047574,1,40
0,88,340,3,70,35.256,35.66587435,0.004047574,1,40
0,88,341,3,71,35.256,35.4794454,0.004047574,1,40
0,88,342,3,72,35.256,35.28276807,0.004047574,1,40
0,89,342,3,73,35.256,35.17262376,0.004047574,1,40
0,89,343,3,74,35.256,34.96440285,0.004047574,1,40
0,90,343,3,75,37.968,34.84271059,0.004047574,1,40
0,90,344,3,76,2.712,34.66138996,0.004047574,1,40
0,91,344,3,77,37.968,34.53388482,0.004047574,1,40
0,91,345,3,78,2.712,34.35053208,0.004047574,1,40
0,92,345,3,79,37.968,34.20004178,0.004047574,1,40
0,92,346,3,80,2.712,33.97721183,0.004047574,1,40
0,93,346,3,81,37.968,33.85376523,0.004047574,1,40
0,93,347,3,82,2.712,33.69198339,0.004047574,1,40
0,94,347,3,83,37.968,33.58343603,0.004047574,1,40
0,94,348,3,84,2.712,33.44855618,0.004047574,1,40
0,95,348,3,85,37.968,33.36611156,0.004047574,1,40
0,95,349,3,86,2.712,33.27024128,0.004047574,1,40
0,96,349,3,87,29.832,33.23148432,0.004047574,1,40
0,96,350,3,88,29.832,33.1524736,0.004047574,1,40
0,96,351,3,89,29.832,33.07555377,0.004543296,1,40
0,96,352,3,90,29.832,33.05823112,0.004543296,1,40
0,96,353,3,91,29.832,33.03916263,0.004543296,1,40
0,96,354,3,92,29.832,32.97473035,0.004543296,1,40
0,96,355,3,93,29.832,32.84751827,0.004543296,1,40
0,96,356,3,94,29.832,32.65151512,0.004543296,1,40
0,96,357,3,95,29.832,32.40098246,0.004543296,1,40
0,96,358,3,96,29.832,32.12731727,0.004543296,1,40
0,96,359,3,97,29.832,31.86997976,0.004543296,1,40
0,96,360,3,98,29.832,31.66448212,0.004543296,1,40
0,96,361,3,99,29.832,31.53202966,0.004543296,1,40
0,95,361,3,100,8.136,31.53684952,0.004543296,1,40
0,95,362,3,101,32.544,31.48081642,0.004543296,1,40
0,95,363,3,102,32.544,31.49279783,0.004543296,1,40
0,95,364,3,103,32.544,31.53875248,0.004543296,1,40
0,95,365,3,104,32.544,31.59750061,0.004543296,1,40
0,94,365,3,105,32.544,31.59117325,0.004543296,1,40
0,94,366,3,106,32.544,31.63257906,0.004543296,1,40
0,94,367,3,107,32.544,31.65995004,0.004543296,1,40
0,94,368,3,108,32.544,31.66722389,0.004543296,1,40
0,94,369,3,109,32.544,31.65392447,0.004543296,1,40
0,93,369,3,110,10.848,31.69832061,0.003371847,1,40
0,93,370,3,111,37.968,31.65248353,0.003371847,1,40
0,93,371,3,112,10.848,31.58648131,0.003371847,1,40
0,92,371,3,113,37.968,31.54109391,0.003371847,1,40
0,92,372,3,114,10.848,31.44053555,0.003371847,1,40
0,92,373,3,115,37.968,31.34808102,0.003371847,1,40
0,91,373,3,116,10.848,31.2383371,0.003371847,1,40
0,91,374,3,117,37.968,31.11792628,0.003371847,1,40
0,90,374,3,118,10.848,31.00858482,0.003371847,1,40
0,90,375,3,119,37.968,30.86502446,0.003371847,1,40
0,89,375,3,120,10.848,30.7408971,0.003371847,1,40
0,89,376,3,121,37.968,30.57591039,0.003371847,1,40
0,88,376,3,122,10.848,30.43790409,0.003371847,1,40
0,88,377,3,123,37.968,30.20961043,0.003371847,1,40
0,87,377,3,124,10.848,30.05660284,0.003371847,1,40
0,87,378,3,125,37.968,29.85725176,0.003371847,1,40
0,86,378,3,126,10.848,29.69832926,0.003371847,1,40
0,85,378,3,127,37.968,29.57875168,0.003371847,1,40
0,85,379,3,128,54.24,29.33632024,0.003371847,1,40
0,84,379,3,129,54.24,29.10355152,0.003371847,1,40
0,84,380,3,130,54.24,28.81845038,0.003000927,1,40
0,83,380,3,131,54.24,28.69855054,0.003000927,1,40
0,83,381,3,132,54.24,28.48097655,0.003000927,1,40
0,83,382,3,133,54.24,28.3048722,0.003000927,1,40
0,82,382,3,134,54.24,28.25259008,0.003000927,1,40
0,82,383,3,135,81.36,28.10760773,0.003000927,1,40
0,81,383,3,136,81.36,28.08403574,0.003000927,1,40
0,81,384,3,137,81.36,27.99087627,0.003000927,1,40
0,80,384,3,138,81.36,28.00432709,0.003000927,1,40
0,80,385,3,139,81.36,27.9563557,0.003000927,1,40
0,79,385,3,140,81.36,27.98312431,0.003000927,1,40
0,79,386,3,141,81.36,27.95000115,0.003000927,1,40
0,79,387,3,142,81.36,27.92925483,0.003000927,1,40
0,78,387,3,143,81.36,27.93312331,0.003000927,1,40
0,78,388,3,144,81.36,27.89490431,0.003000927,1,40
0,77,388,3,145,54.24,27.90185926,0.003000927,1,40
0,77,389,3,146,54.24,27.85902911,0.003000927,1,40
0,76,389,3,147,54.24,27.85157512,0.003000927,1,40
0,76,390,3,148,54.24,27.77678399,0.003000927,1,40
0,76,391,3,149,54.24,27.68891881,0.003000927,1,40
0,76,392,3,150,54.24,27.56857967,0.003000927,1,40
0,75,392,3,151,54.24,27.50483048,0.003000927,1,40
0,75,393,3,152,54.24,27.37158451,0.003000927,1,40
0,75,394,3,153,54.24,27.22353848,0.003000927,1,40
0,75,395,3,154,54.24,27.06082843,0.003000927,1,40
0,74,395,3,155,81.36,26.94483402,0.003000927,1,40
0,74,396,3,156,81.36,26.73786546,0.003000927,1,40
0,74,397,3,157,81.36,26.51693576,0.003000927,1,40
0,74,398,3,158,81.36,26.28232266,0.003000927,1,40
0,74,399,3,159,81.36,26.03438186,0.003000927,1,40
0,74,400,3,160,81.36,25.72213081,0.003000927,1,40
0,73,400,3,161,54.24,25.57561949,0.003000927,1,40
0,73,401,3,162,54.24,25.30720183,0.003000927,1,40
0,73,402,3,163,54.24,25.02583908,0.003000927,1,40
0,72,402,3,164,54.24,24.85566382,0.003000927,1,40
0,72,403,3,165,54.24,24.54531031,0.003000927,1,40
0,71,403,3,166,5.424,24.4050833,0.003000927,1,40
0,71,404,3,167,37.968,24.07591119,0.003000927,1,40
0,71,405,3,168,5.424,23.75923842,0.003000927,1,40
0,70,405,3,169,37.968,23.57150293,0.003000927,1,40
0,70,406,3,170,5.424,23.22393767,0.003000927,1,40
0,70,407,3,171,37.968,22.84692186,0.003000927,1,40
0,70,408,3,172,5.424,22.41772388,0.003000927,1,40
0,69,408,3,173,37.968,22.18721078,0.003000927,1,40
0,69,409,3,174,5.424,21.84449337,0.003000927,1,40
0,69,410,3,175,37.968,21.51919274,0.003000927,1,40
0,68,410,3,176,5.424,21.30320967,0.003000927,1,40
0,67,410,3,177,37.968,21.19903272,0.003000927,1,40
0,67,411,3,178,5.424,20.94540474,0.003000927,1,40
0,67,412,3,179,37.968,20.75570376,0.003000927,1,40
0,66,412,3,180,5.424,20.77489762,0.003000927,1,40
0,66,413,3,181,37.968,20.68806582,0.003000927,1,40
0,65,413,3,182,5.424,20.80288472,0.003000927,1,40
0,65,414,3,183,37.968,20.80967986,0.003000927,1,40
0,65,415,3,184,5.424,20.96142804,0.003000927,1,40
0,64,415,3,185,37.968,21.09336473,0.003000927,1,40
0,64,416,3,186,5.424,21.25013224,0.003000927,1,40
0,64,417,3,187,37.968,21.40621041,0.003000927,1,40
0,63,417,3,188,5.424,21.54384725,0.003000927,1,40
0,63,418,3,189,37.968,21.67077311,0.003000927,1,40
0,63,419,3,190,5.424,21.75538581,0.005415318,1,40
0,62,419,3,191,37.968,21.79647376,0.005415318,1,40
0,62,420,3,192,5.424,21.88353284,0.005415318,1,40
0,62,421,3,193,37.968,21.90110141,0.005415318,1,40
0,62,422,3,194,5.424,21.93654309,0.005415318,1,40
0,61,422,3,195,37.968,21.90821787,0.005415318,1,40
0,61,423,3,196,5.424,21.89132228,0.005415318,1,40
0,61,424,3,197,37.968,21.80183133,0.005415318,1,40
0,61,425,3,198,32.544,21.69427786,0.005415318,1,40
0,61,426,3,199,32.544,21.56167595,0.005415318,1,40
0,61,427,3,200,32.544,21.40460946,0.005415318,1,40
0,60,427,3,201,10.848,21.33449408,0.005415318,1,40
0,60,428,3,202,32.544,21.14121534,0.005415318,1,40
0,60,429,3,203,32.544,20.92440587,0.005415318,1,40
0,60,430,3,204,32.544,20.68362779,0.005415318,1,40
0,60,431,3,205,10.848,20.38955881,0.005415318,1,40
0,60,432,3,206,32.544,20.09259465,0.005415318,1,40
0,60,433,3,207,32.544,19.76977573,0.005415318,1,40
0,60,434,3,208,32.544,19.42111056,0.005415318,1,40
0,60,435,3,209,10.848,19.07777513,0.005415318,1,40
0,60,436,3,210,32.544,18.68197764,0.005415318,1,40
0,59,436,3,211,35.256,18.4986116,0.005415318,1,40
0,59,437,3,212,35.256,18.06283542,0.005415318,1,40
0,59,438,3,213,10.848,17.55029555,0.005415318,1,40
0,59,439,3,214,35.256,17.10957941,0.005415318,1,40
0,58,439,3,215,35.256,16.92451285,0.005415318,1,40
0,58,440,3,216,10.848,16.53145467,0.005415318,1,40
0,58,441,3,217,35.256,16.15854048,0.005415318,1,40
0,57,441,3,218,35.256,16.04892107,0.005415318,1,40
0,57,442,3,219,10.848,15.79124146,0.005415318,1,40
0,57,443,3,220,35.256,15.60556415,0.005415318,1,40
0,57,444,3,221,27.12,15.54867545,0.005415318,1,40
0,57,445,3,222,27.12,15.60421135,0.005415318,1,40
0,57,446,3,223,27.12,15.80259053,0.003092111,1,40
0,57,447,3,224,27.12,16.03520028,0.003092111,1,40
0,57,448,3,225,27.12,16.28598276,0.003092111,1,40
0,57,449,3,226,27.12,16.5273076,0.003092111,1,40
0,57,450,3,227,27.12,16.73977346,0.003092111,1,40
0,57,451,3,228,27.12,16.91200113,0.003092111,1,40
0,57,452,3,229,27.12,17.03893729,0.003092111,1,40
0,57,453,3,230,27.12,17.11976852,0.003092111,1,40
0,57,454,3,231,27.12,17.1639638,0.003092111,1,40
0,57,455,3,232,27.12,17.14864142,0.003092111,1,40
0,57,456,3,233,27.12,17.09533968,0.003092111,1,40
0,57,457,3,234,27.12,17.00670856,0.003092111,1,40
0,57,458,3,235,27.12,16.88483965,0.003092111,1,40
0,57,459,3,236,27.12,16.73116706,0.003092111,1,40
0,57,460,3,237,27.12,16.54647019,0.003092111,1,40
0,57,461,3,238,27.12,16.330929,0.003092111,1,40
0,57,462,3,239,27.12,16.02303482,0.003092111,1,40
0,57,463,3,240,27.12,15.73662086,0.003092111,1,40
0,57,464,3,241,27.12,15.41790581,0.003092111,1,40
0,57,465,3,242,27.12,15.06717026,0.003092111,1,40
0,57,466,3,243,27.12,14.68625217,0.003092111,1,40
0,57,467,3,244,27.12,14.27974008,0.003092111,1,40
0,57,468,3,245,27.12,13.85650352,0.003092111,1,40
0,57,469,3,246,27.12,13.33252058,0.003092111,1,40
0,57,470,3,247,27.12,12.93645384,0.003092111,1,40
0,57,471,3,248,32.544,12.5921687,0.003092111,1,40
0,57,472,3,249,32.544,12.33522856,0.003092111,1,40
0,57,473,3,250,32.544,12.19075412,0.003092111,1,40
0,58,473,3,251,10.848,12.20885706,0.003092111,1,40
0,58,474,3,252,32.544,12.18641508,0.003092111,1,40
0,58,475,3,253,32.544,12.27710765,0.003092111,1,40
0,58,476,3,254,13.56,12.46752121,0.003092111,1,40
0,58,477,3,255,32.544,12.75394327,0.003092111,1,40
0,58,478,3,256,32.544,12.98235969,0.003092111,1,40
0,59,478,3,257,32.544,13.02838285,0.003092111,1,40
0,59,479,3,258,27.12,13.1505456,0.005578378,1,40
0,59,480,3,259,27.12,13.28031969,0.005578378,1,40
0,59,481,3,260,27.12,13.36671817,0.005578378,1,40
0,59,482,3,261,27.12,13.41203529,0.005578378,1,40
0,59,483,3,262,27.12,13.42235037,0.005578378,1,40
0,59,484,3,263,27.12,13.40528449,0.005578378,1,40
0,58,484,3,264,27.12,13.41174367,0.005578378,1,40
0,58,485,3,265,32.544,13.37981511,0.005578378,1,40
0,58,486,3,266,27.12,13.33474617,0.005578378,1,40
0,58,487,3,267,27.12,13.27858994,0.005578378,1,40
0,58,488,3,268,27.12,13.21427271,0.005578378,1,40
0,58,489,3,269,27.12,13.14331359,0.005578378,1,40
0,58,490,3,270,13.56,13.08549861,0.005578378,1,40
0,59,490,3,271,35.256,12.9728243,0.005578378,1,40
0,59,491,3,272,10.848,12.91968726,0.005578378,1,40
0,59,492,3,273,35.256,12.81225477,0.005578378,1,40
0,60,492,3,274,13.56,12.7382609,0.005578378,1,40
0,60,493,3,275,35.256,12.64276027,0.005578378,1,40
0,61,493,3,276,8.136,12.5632287,0.005578378,1,40
0,61,494,3,277,35.256,12.4716038,0.005578378,1,40
0,61,495,3,278,27.12,12.37503225,0.005578378,1,40
0,62,495,3,279,16.272,12.31580289,0.005578378,1,40
0,62,496,3,280,29.832,12.20710377,0.005578378,1,40
0,62,497,3,281,29.832,12.07510067,0.005578378,1,40
0,62,498,3,282,29.832,11.91891213,0.005578378,1,40
0,62,499,3,283,29.832,11.738259,0.005578378,1,40
0,62,500,3,284,29.832,11.53332409,0.005578378,1,40
0,62,501,3,285,29.832,11.3046558,0.005578378,1,40
0,62,502,3,286,29.832,11.05312282,0.005578378,1,40
0,62,503,3,287,29.832,10.77992824,0.005578378,1,40
0,63,503,3,288,5.424,10.68718737,0.005337485,1,40
0,63,504,3,289,37.968,10.36596163,0.005337485,1,40
0,63,505,3,290,5.424,10.06667045,0.005337485,1,40
0,63,506,3,291,37.968,9.622058232,0.005337485,1,40
0,64,506,3,292,5.424,9.489760138,0.005337485,1,40
0,64,507,3,293,37.968,9.069381523,0.005337485,1,40
0,65,507,3,294,5.424,8.905815402,0.005337485,1,40
0,65,508,3,295,37.968,8.427574296,0.005337485,1,40
0,65,509,3,296,5.424,7.984336826,0.005337485,1,40
0,66,509,3,297,37.968,7.70359443,0.005337485,1,40
0,66,510,3,298,5.424,7.213573968,0.005337485,1,40
0,67,510,3,299,37.968,6.927198652,0.005337485,1,40
0,67,511,3,300,5.424,6.413254212,0.005337485,1,40
0,67,512,3,301,37.968,5.81282264,0.005337485,1,40
0,67,513,3,302,5.424,5.480981681,0.005337485,1,40
0,68,513,3,303,37.968,5.160117301,0.005337485,1,40
0,68,514,3,304,5.424,4.952635652,0.005337485,1,40
0,68,515,4,1,37.968,4.871416986,0.005337485,1,40
0,68,516,4,2,27.12,4.956956126,0.002871285,1,40
0,68,517,4,3,27.12,5.272569317,0.002871285,1,40
0,68,518,4,4,27.12,5.582684917,0.002871285,1,40
0,68,519,4,5,27.12,5.878151378,0.002871285,1,40
0,68,520,4,6,27.12,6.105271027,0.002871285,1,40
0,68,521,4,7,27.12,6.22697428,0.002871285,1,40
0,68,522,4,8,27.12,6.223725166,0.002871285,1,40
0,68,523,4,9,27.12,6.044899676,0.002871285,1,40
0,68,524,4,10,27.12,5.769242505,0.002871285,1,40
0,68,525,4,11,27.12,5.408371642,0.002871285,1,40
0,68,526,4,12,27.12,5.002696025,0.002871285,1,40
0,68,527,4,13,13.56,4.612537021,0.002871285,1,40
0,69,527,4,14,27.12,4.289164404,0.002871285,1,40
0,69,528,4,15,27.12,3.902568447,0.002871285,1,40
0,70,528,4,16,27.12,3.749259029,0.002871285,1,40
0,137,326,5,1,32.34,48.23874283,0.004893809,1,40
0,137,327,5,2,32.34,48.08047826,0.004893809,1,40
0,137,328,5,3,32.34,47.92221368,0.004893809,1,40
0,137,329,5,4,32.34,47.76394911,0.004893809,1,40
0,137,330,5,5,32.34,47.60568453,0.004893809,1,40
0,137,331,5,6,32.34,47.44741996,0.004893809,1,40
0,137,332,5,7,32.34,47.28915538,0.004893809,1,40
0,137,333,5,8,32.34,47.13089081,0.004893809,1,40
0,137,334,5,9,32.34,46.97262624,0.004893809,1,40
0,136,334,5,10,32.34,46.81436166,0.004893809,1,40
0,136,335,5,11,32.34,46.65609709,0.004893809,1,40
0,136,336,5,12,32.34,46.49783251,0.004893809,1,40
0,136,337,5,13,32.34,46.33956794,0.004893809,1,40
0,136,338,5,14,32.34,46.18130337,0.004893809,1,40
0,136,339,5,15,32.34,46.02303879,0.004893809,1,40
0,136,340,5,16,32.34,45.86477422,0.004893809,1,40
0,136,341,5,17,32.34,45.70650964,0.004893809,1,40
0,135,341,5,18,32.34,45.54824507,0.004893809,1,40
0,135,342,5,19,32.34,45.38998049,0.004893809,1,40
0,135,343,5,20,32.34,45.23171592,0.004893809,1,40
0,135,344,5,21,32.34,45.07345135,0.004893809,1,40
0,134,344,5,22,32.34,44.91518677,0.004893809,1,40
0,134,345,5,23,32.34,44.7569222,0.004893809,1,40
0,134,346,5,24,32.34,44.59865762,0.004893809,1,40
0,134,347,5,25,32.34,44.44039305,0.004893809,1,40
0,134,348,5,26,32.34,44.28212847,0.004893809,1,40
0,134,349,5,27,32.34,44.1238639,0.004893809,1,40
0,133,349,5,28,32.34,43.96559933,0.004893809,1,40
0,133,350,5,29,32.34,43.80733475,0.004893809,1,40
0,133,351,5,30,32.34,43.64907018,0.004893809,1,40
0,133,352,5,31,32.34,43.4908056,0.004893809,1,40
0,133,353,5,32,32.34,43.33254103,0.004893809,1,40
0,133,354,5,33,32.34,43.17427646,0.004893809,1,40
0,133,355,5,34,32.34,43.01601188,0.004893809,1,40
0,133,356,5,35,32.34,42.85774731,0.004893809,1,40
0,133,357,5,36,32.34,42.69948273,0.004893809,1,40
0,133,358,5,37,32.34,42.54121816,0.004893809,1,40
0,133,359,5,38,32.34,42.38295358,0.004893809,1,40
0,133,360,5,39,32.34,42.22468901,0.004893809,1,40
0,134,360,5,40,32.34,42.06642444,0.004893809,1,40
0,134,361,5,41,32.34,41.90815986,0.004893809,1,40
0,134,362,5,42,32.34,41.74989529,0.004893809,1,40
0,134,363,5,43,32.34,41.59163071,0.004893809,1,40
0,134,364,5,44,32.34,41.43336614,0.004893809,1,40
0,135,364,5,45,32.34,41.27510156,0.004893809,1,40
0,135,365,5,46,32.34,41.11683699,0.004893809,1,40
0,135,366,5,47,32.34,40.95857242,0.004893809,1,40
0,135,367,5,48,32.34,40.80030784,0.004893809,1,40
0,136,367,5,49,32.34,40.64204327,0.004893809,1,40
0,136,368,5,50,32.34,40.48377869,0.004893809,1,40
0,136,369,5,51,32.34,40.32551412,0.004893809,1,40
0,136,370,5,52,32.34,40.16724955,0.004893809,1,40
0,136,371,5,53,32.34,40.00898497,0.004893809,1,40
0,137,371,5,54,32.34,39.8507204,0.004893809,1,40
0,137,372,5,55,32.34,39.69245582,0.004893809,1,40
0,137,373,5,56,32.34,39.53419125,0.004893809,1,40
0,137,374,5,57,32.34,39.37592667,0.004893809,1,40
0,137,375,5,58,32.34,39.2176621,0.004893809,1,40
0,137,376,5,59,32.34,39.05939753,0.004893809,1,40
0,137,377,5,60,32.34,38.90113295,0.004893809,1,40
0,137,378,5,61,32.34,38.74286838,0.004893809,1,40
0,137,379,5,62,32.34,38.5846038,0.004893809,1,40
0,137,380,5,63,32.34,38.42633923,0.004893809,1,40
0,137,381,5,64,32.34,38.26807465,0.004893809,1,40
0,137,382,5,65,32.34,38.10981008,0.004893809,1,40
0,137,383,5,66,32.34,37.95154551,0.004893809,1,40
0,137,384,5,67,32.34,37.79328093,0.004893809,1,40
0,137,385,5,68,32.34,37.63501636,0.004893809,1,40
0,137,386,5,69,32.34,37.47675178,0.004893809,1,40
0,137,387,5,70,32.34,37.31848721,0.004893809,1,40
0,137,388,5,71,32.34,37.16022264,0.004893809,1,40
0,137,389,5,72,32.34,37.00195806,0.004893809,1,40
0,137,390,5,73,32.34,36.84369349,0.004893809,1,40
0,137,391,5,74,32.34,36.68542891,0.004893809,1,40
0,137,392,5,75,32.34,36.52716434,0.004893809,1,40
0,137,393,5,76,32.34,36.36889976,0.004893809,1,40
0,137,394,5,77,32.34,36.21063519,0.004893809,1,40
0,137,395,5,78,32.34,36.05237062,0.004893809,1,40
0,137,396,5,79,32.34,35.89410604,0.004893809,1,40
0,137,397,5,80,32.34,35.73584147,0.004893809,1,40
0,137,398,5,81,32.34,35.57757689,0.004893809,1,40
0,137,399,5,82,32.34,35.41931232,0.004893809,1,40
0,137,400,5,83,32.34,35.26104774,0.004893809,1,40
0,138,400,5,84,32.34,35.10278317,0.004893809,1,40
0,138,401,5,85,32.34,34.9445186,0.004893809,1,40
0,138,402,5,86,32.34,34.78625402,0.004893809,1,40
0,138,403,5,87,32.34,34.62798945,0.004893809,1,40
0,137,403,5,88,32.34,34.46972487,0.004893809,1,40
0,137,404,5,89,32.34,34.3114603,0.004893809,1,40
0,137,405,5,90,32.34,34.15319572,0.004893809,1,40
0,136,405,5,91,32.34,33.99493115,0.004893809,1,40
0,136,406,5,92,32.34,33.83666658,0.004893809,1,40
0,135,406,5,93,32.34,33.678402,0.004893809,1,40
0,135,407,5,94,32.34,33.52013743,0.004893809,1,40
0,134,407,5,95,32.34,33.36187285,0.004893809,1,40
0,133,407,5,96,32.34,33.20360828,0.004893809,1,40
0,133,408,5,97,32.34,33.04534371,0.004893809,1,40
0,132,408,5,98,32.34,32.88707913,0.004893809,1,40
0,132,409,5,99,32.34,32.72881456,0.004893809,1,40
0,131,409,5,100,32.34,32.57054998,0.004893809,1,40
0,131,410,5,101,32.34,32.41228541,0.004893809,1,40
0,130,410,5,102,32.34,32.25402083,0.004893809,1,40
0,130,411,5,103,32.34,32.09575626,0.004893809,1,40
0,130,412,5,104,32.34,31.93749169,0.004893809,1,40
0,129,412,5,105,32.34,31.77922711,0.004893809,1,40
0,128,412,5,106,32.34,31.62096254,0.004893809,1,40
0,128,413,5,107,32.34,31.46269796,0.004893809,1,40
0,127,413,5,108,32.34,31.30443339,0.004893809,1,40
0,126,413,5,109,32.34,31.14616881,0.004893809,1,40
0,125,413,5,110,32.34,30.98790424,0.004893809,1,40
0,125,414,5,111,32.34,30.82963967,0.004893809,1,40
0,124,414,5,112,32.34,30.67137509,0.004893809,1,40
0,123,414,5,113,32.34,30.51311052,0.004893809,1,40
0,122,414,5,114,32.34,30.35484594,0.004893809,1,40
0,122,415,5,115,32.34,30.19658137,0.004893809,1,40
0,121,415,5,116,32.34,30.0383168,0.004893809,1,40
0,120,415,5,117,32.34,29.88005222,0.004893809,1,40
0,119,415,5,118,32.34,29.72178765,0.004893809,1,40
0,118,415,5,119,32.34,29.56352307,0.004893809,1,40
0,118,416,5,120,32.34,29.4052585,0.004893809,1,40
0,117,416,5,121,32.34,29.24699392,0.004893809,1,40
0,116,416,5,122,32.34,29.08872935,0.004893809,1,40
0,115,416,5,123,32.34,28.93046478,0.004893809,1,40
0,115,417,5,124,32.34,28.7722002,0.004893809,1,40
0,114,417,5,125,32.34,28.61393563,0.004893809,1,40
0,113,417,5,126,32.34,28.45567105,0.004893809,1,40
0,112,417,5,127,32.34,28.29740648,0.004893809,1,40
0,112,418,5,128,32.34,28.1391419,0.004893809,1,40
0,111,418,5,129,32.34,27.98087733,0.004893809,1,40
0,110,418,5,130,32.34,27.82261276,0.004893809,1,40
0,110,419,5,131,32.34,27.66434818,0.004893809,1,40
0,109,419,5,132,32.34,27.50608361,0.004893809,1,40
0,109,420,5,133,32.34,27.34781903,0.004893809,1,40
0,108,420,5,134,32.34,27.18955446,0.004893809,1,40
0,108,421,5,135,32.34,27.03128989,0.004893809,1,40
0,107,421,5,136,32.34,26.87302531,0.004893809,1,40
0,107,422,5,137,32.34,26.71476074,0.004893809,1,40
0,106,422,5,138,32.34,26.55649616,0.004893809,1,40
0,105,422,5,139,32.34,26.39823159,0.004893809,1,40
0,105,423,5,140,32.34,26.23996701,0.004893809,1,40
0,104,423,5,141,32.34,26.08170244,0.004893809,1,40
0,103,423,5,142,32.34,25.92343787,0.004893809,1,40
0,103,424,5,143,32.34,25.76517329,0.004893809,1,40
0,102,424,5,144,32.34,25.60690872,0.004893809,1,40
0,102,425,5,145,32.34,25.44864414,0.004893809,1,40
0,101,425,5,146,32.34,25.29037957,0.004893809,1,40
0,100,425,5,147,32.34,25.13211499,0.004893809,1,40
0,100,426,5,148,32.34,24.97385042,0.004893809,1,40
0,99,426,5,149,32.34,24.81558585,0.004893809,1,40
0,99,427,5,150,32.34,24.65732127,0.004893809,1,40
0,98,427,5,151,32.34,24.4990567,0.004893809,1,40
0,97,427,5,152,32.34,24.34079212,0.004893809,1,40
0,97,428,5,153,32.34,24.18252755,0.004893809,1,40
0,96,428,5,154,32.34,24.02426298,0.004893809,1,40
0,96,429,5,155,32.34,23.8659984,0.004893809,1,40
0,95,429,5,156,32.34,23.70773383,0.004893809,1,40
0,94,429,5,157,32.34,23.54946925,0.004893809,1,40
0,94,430,5,158,32.34,23.39120468,0.004893809,1,40
0,93,430,5,159,32.34,23.2329401,0.004893809,1,40
0,93,431,5,160,32.34,23.07467553,0.004893809,1,40
0,92,431,5,161,32.34,22.91641096,0.004893809,1,40
0,92,432,5,162,32.34,22.75814638,0.004893809,1,40
0,91,432,5,163,32.34,22.59988181,0.004893809,1,40
0,91,433,5,164,32.34,22.44161723,0.004893809,1,40
0,90,433,5,165,32.34,22.28335266,0.004893809,1,40
0,90,434,5,166,32.34,22.12508808,0.004893809,1,40
0,90,435,5,167,32.34,21.96682351,0.004893809,1,40
0,89,435,5,168,32.34,21.80855894,0.004893809,1,40
0,89,436,5,169,32.34,21.65029436,0.004893809,1,40
0,88,436,5,170,32.34,21.49202979,0.004893809,1,40
0,88,437,5,171,32.34,21.33376521,0.004893809,1,40
0,87,437,5,172,32.34,21.17550064,0.004893809,1,40
0,87,438,5,173,32.34,21.01723607,0.004893809,1,40
0,86,438,5,174,32.34,20.85897149,0.004893809,1,40
0,86,439,5,175,32.34,20.70070692,0.004893809,1,40
0,85,439,5,176,32.34,20.54244234,0.004893809,1,40
0,85,440,5,177,32.34,20.38417777,0.004893809,1,40
0,84,440,5,178,32.34,20.22591319,0.004893809,1,40
0,83,440,5,179,32.34,20.06764862,0.004893809,1,40
0,83,441,5,180,32.34,19.90938405,0.004893809,1,40
0,82,441,5,181,32.34,19.75111947,0.004893809,1,40
0,82,442,5,182,32.34,19.5928549,0.004893809,1,40
0,81,442,5,183,32.34,19.43459032,0.004893809,1,40
0,81,443,5,184,32.34,19.27632575,0.004893809,1,40
0,80,443,5,185,32.34,19.11806117,0.004893809,1,40
0,80,444,5,186,32.34,18.9597966,0.004893809,1,40
0,80,445,5,187,32.34,18.80153203,0.004893809,1,40
0,79,445,5,188,32.34,18.64326745,0.004893809,1,40
0,79,446,5,189,32.34,18.48500288,0.004893809,1,40
0,79,447,5,190,32.34,18.3267383,0.004893809,1,40
0,78,447,5,191,32.34,18.16847373,0.004893809,1,40
0,78,448,5,192,32.34,18.01020916,0.004893809,1,40
0,78,449,5,193,32.34,17.85194458,0.004893809,1,40
0,78,450,5,194,32.34,17.69368001,0.004893809,1,40
0,77,450,5,195,32.34,17.53541543,0.004893809,1,40
0,77,451,5,196,32.34,17.37715086,0.004893809,1,40
0,77,452,5,197,32.34,17.21888628,0.004893809,1,40
0,77,453,5,198,32.34,17.06062171,0.004893809,1,40
0,77,454,5,199,32.34,16.90235714,0.004893809,1,40
0,77,455,5,200,32.34,16.74409256,0.004893809,1,40
0,78,455,5,201,32.34,16.58582799,0.004893809,1,40
0,78,456,5,202,32.34,16.42756341,0.004893809,1,40
0,79,456,5,203,32.34,16.26929884,0.004893809,1,40
0,79,457,5,204,32.34,16.11103426,0.004893809,1,40
0,79,458,5,205,32.34,15.95276969,0.004893809,1,40
0,80,458,5,206,32.34,15.79450512,0.004893809,1,40
0,80,459,5,207,32.34,15.63624054,0.004893809,1,40
0,80,460,5,208,32.34,15.47797597,0.004893809,1,40
0,81,460,5,209,32.34,15.31971139,0.004893809,1,40
0,81,461,5,210,32.34,15.16144682,0.004893809,1,40
0,81,462,5,211,32.34,15.00318225,0.004893809,1,40
0,81,463,5,212,32.34,14.84491767,0.004893809,1,40
0,81,464,5,213,32.34,14.6866531,0.004893809,1,40
0,80,464,5,214,32.34,14.52838852,0.004893809,1,40
0,80,465,5,215,32.34,14.37012395,0.004893809,1,40
0,80,466,5,216,32.34,14.21185937,0.004893809,1,40
0,80,467,5,217,32.34,14.0535948,0.004893809,1,40
0,79,467,5,218,32.34,13.89533023,0.004893809,1,40
0,79,468,5,219,32.34,13.73706565,0.004893809,1,40
0,79,469,5,220,32.34,13.57880108,0.004893809,1,40
0,78,469,5,221,32.34,13.4205365,0.004893809,1,40
0,78,470,5,222,32.34,13.26227193,0.004893809,1,40
0,78,471,5,223,32.34,13.10400735,0.004893809,1,40
0,78,472,5,224,32.34,12.94574278,0.004893809,1,40
0,78,473,5,225,32.34,12.78747821,0.004893809,1,40
0,78,474,5,226,32.34,12.62921363,0.004893809,1,40
0,78,475,5,227,32.34,12.47094906,0.004893809,1,40
0,78,476,5,228,32.34,12.31268448,0.004893809,1,40
0,78,477,5,229,32.34,12.15441991,0.004893809,1,40
0,78,478,5,230,32.34,11.99615534,0.004893809,1,40
0,78,479,5,231,32.34,11.83789076,0.004893809,1,40
0,77,479,5,232,32.34,11.67962619,0.004893809,1,40
0,77,480,5,233,32.34,11.52136161,0.004893809,1,40
0,76,480,5,234,32.34,11.36309704,0.004893809,1,40
0,76,481,5,235,32.34,11.20483246,0.004893809,1,40
0,75,481,5,236,32.34,11.04656789,0.004893809,1,40
0,75,482,5,237,32.34,10.88830332,0.004893809,1,40
0,74,482,5,238,32.34,10.73003874,0.004893809,1,40
0,73,482,5,239,32.34,10.57177417,0.004893809,1,40
0,73,483,5,240,32.34,10.41350959,0.004893809,1,40
0,72,483,5,241,32.34,10.25524502,0.004893809,1,40
0,72,484,5,242,32.34,10.09698044,0.004893809,1,40
0,71,484,5,243,32.34,9.93871587,0.004893809,1,40
0,71,485,5,244,32.34,9.780451296,0.004893809,1,40
0,70,485,5,245,32.34,9.622186722,0.004893809,1,40
0,70,486,5,246,32.34,9.463922148,0.004893809,1,40
0,70,487,5,247,32.34,9.305657573,0.004893809,1,40
0,70,488,5,248,32.34,9.147392999,0.004893809,1,40
0,70,489,5,249,32.34,8.989128425,0.004893809,1,40
0,70,490,5,250,32.34,8.830863851,0.004893809,1,40
0,70,491,5,251,32.34,8.672599277,0.004893809,1,40
0,70,492,5,252,32.34,8.514334702,0.004893809,1,40
0,70,493,5,253,32.34,8.356070128,0.004893809,1,40
0,70,494,5,254,32.34,8.197805554,0.004893809,1,40
0,70,495,5,255,32.34,8.03954098,0.004893809,1,40
0,70,496,5,256,32.34,7.881276406,0.004893809,1,40
0,70,497,5,257,32.34,7.723011831,0.004893809,1,40
0,71,497,5,258,32.34,7.564747257,0.004893809,1,40
0,71,498,5,259,32.34,7.406482683,0.004893809,1,40
0,71,499,5,260,32.34,7.248218109,0.004893809,1,40
0,71,500,5,261,32.34,7.089953534,0.004893809,1,40
0,72,500,5,262,32.34,6.93168896,0.004893809,1,40
0,72,501,5,263,32.34,6.773424386,0.004893809,1,40
0,72,502,5,264,32.34,6.615159812,0.004893809,1,40
0,72,503,5,265,32.34,6.456895238,0.004893809,1,40
0,73,503,5,266,32.34,6.298630663,0.004893809,1,40
0,73,504,5,267,32.34,6.140366089,0.004893809,1,40
0,73,505,5,268,32.34,5.982101515,0.004893809,1,40
0,73,506,5,269,32.34,5.823836941,0.004893809,1,40
0,73,507,5,270,32.34,5.665572367,0.004893809,1,40
0,72,507,5,271,32.34,5.507307792,0.004893809,1,40
0,72,508,5,272,32.34,5.349043218,0.004893809,1,40
0,72,509,5,273,32.34,5.190778644,0.004893809,1,40
0,71,509,5,274,32.34,5.03251407,0.004893809,1,40
0,71,510,5,275,32.34,4.874249495,0.004893809,1,40
0,70,510,5,276,32.34,4.715984921,0.004893809,1,40
0,70,511,5,277,32.34,4.557720347,0.004893809,1,40
0,70,512,5,278,32.34,4.399455773,0.004893809,1,40
0,70,513,5,279,32.34,4.241191199,0.004893809,1,40
0,70,514,5,280,32.34,4.082926624,0.004893809,1,40
0,69,514,5,281,32.34,3.92466205,0.004893809,1,40
0,69,515,5,282,32.34,3.766397476,0.004893809,1,40
0,161,400,6,1,32.34,37.8143425,0.005585874,1,40
0,161,401,6,2,32.34,37.63369672,0.005585874,1,40
0,160,401,6,3,32.34,37.45305093,0.005585874,1,40
0,160,402,6,4,32.34,37.27240515,0.005585874,1,40
0,160,403,6,5,32.34,37.09175936,0.005585874,1,40
0,159,403,6,6,32.34,36.91111358,0.005585874,1,40
0,159,404,6,7,32.34,36.73046779,0.005585874,1,40
0,159,405,6,8,32.34,36.54982201,0.005585874,1,40
0,159,406,6,9,32.34,36.36917622,0.005585874,1,40
0,158,406,6,10,32.34,36.18853044,0.005585874,1,40
0,158,407,6,11,32.34,36.00788465,0.005585874,1,40
0,158,408,6,12,32.34,35.82723887,0.005585874,1,40
0,158,409,6,13,32.34,35.64659308,0.005585874,1,40
0,157,409,6,14,32.34,35.4659473,0.005585874,1,40
0,157,410,6,15,32.34,35.28530151,0.005585874,1,40
0,157,411,6,16,32.34,35.10465573,0.005585874,1,40
0,157,412,6,17,32.34,34.92400994,0.005585874,1,40
0,157,413,6,18,32.34,34.74336416,0.005585874,1,40
0,157,414,6,19,32.34,34.56271837,0.005585874,1,40
0,157,415,6,20,32.34,34.38207259,0.005585874,1,40
0,157,416,6,21,32.34,34.2014268,0.005585874,1,40
0,157,417,6,22,32.34,34.02078102,0.005585874,1,40
0,157,418,6,23,32.34,33.84013523,0.005585874,1,40
0,157,419,6,24,32.34,33.65948945,0.005585874,1,40
0,157,420,6,25,32.34,33.47884366,0.005585874,1,40
0,156,420,6,26,32.34,33.29819788,0.005585874,1,40
0,156,421,6,27,32.34,33.11755209,0.005585874,1,40
0,156,422,6,28,32.34,32.93690631,0.005585874,1,40
0,156,423,6,29,32.34,32.75626052,0.005585874,1,40
0,156,424,6,30,32.34,32.57561474,0.005585874,1,40
0,156,425,6,31,32.34,32.39496895,0.005585874,1,40
0,156,426,6,32,32.34,32.21432317,0.005585874,1,40
0,156,427,6,33,32.34,32.03367739,0.005585874,1,40
0,156,428,6,34,32.34,31.8530316,0.005585874,1,40
0,155,428,6,35,32.34,31.67238582,0.005585874,1,40
0,155,429,6,36,32.34,31.49174003,0.005585874,1,40
0,155,430,6,37,32.34,31.31109425,0.005585874,1,40
0,155,431,6,38,32.34,31.13044846,0.005585874,1,40
0,155,432,6,39,32.34,30.94980268,0.005585874,1,40
0,155,433,6,40,32.34,30.76915689,0.005585874,1,40
0,155,434,6,41,32.34,30.58851111,0.005585874,1,40
0,155,435,6,42,32.34,30.40786532,0.005585874,1,40
0,154,435,6,43,32.34,30.22721954,0.005585874,1,40
0,154,436,6,44,32.34,30.04657375,0.005585874,1,40
0,154,437,6,45,32.34,29.86592797,0.005585874,1,40
0,154,438,6,46,32.34,29.68528218,0.005585874,1,40
0,154,439,6,47,32.34,29.5046364,0.005585874,1,40
0,154,440,6,48,32.34,29.32399061,0.005585874,1,40
0,154,441,6,49,32.34,29.14334483,0.005585874,1,40
0,154,442,6,50,32.34,28.96269904,0.005585874,1,40
0,154,443,6,51,32.34,28.78205326,0.005585874,1,40
0,154,444,6,52,32.34,28.60140747,0.005585874,1,40
0,154,445,6,53,32.34,28.42076169,0.005585874,1,40
0,154,446,6,54,32.34,28.2401159,0.005585874,1,40
0,154,447,6,55,32.34,28.05947012,0.005585874,1,40
0,154,448,6,56,32.34,27.87882433,0.005585874,1,40
0,154,449,6,57,32.34,27.69817855,0.005585874,1,40
0,154,450,6,58,32.34,27.51753276,0.005585874,1,40
0,154,451,6,59,32.34,27.33688698,0.005585874,1,40
0,154,452,6,60,32.34,27.15624119,0.005585874,1,40
0,154,453,6,61,32.34,26.97559541,0.005585874,1,40
0,154,454,6,62,32.34,26.79494963,0.005585874,1,40
0,154,455,6,63,32.34,26.61430384,0.005585874,1,40
0,154,456,6,64,32.34,26.43365806,0.005585874,1,40
0,153,456,6,65,32.34,26.25301227,0.005585874,1,40
0,153,457,6,66,32.34,26.07236649,0.005585874,1,40
0,153,458,6,67,32.34,25.8917207,0.005585874,1,40
0,153,459,6,68,32.34,25.71107492,0.005585874,1,40
0,153,460,6,69,32.34,25.53042913,0.005585874,1,40
0,153,461,6,70,32.34,25.34978335,0.005585874,1,40
0,153,462,6,71,32.34,25.16913756,0.005585874,1,40
0,153,463,6,72,32.34,24.98849178,0.005585874,1,40
0,154,463,6,73,32.34,24.80784599,0.005585874,1,40
0,154,464,6,74,32.34,24.62720021,0.005585874,1,40
0,154,465,6,75,32.34,24.44655442,0.005585874,1,40
0,154,466,6,76,32.34,24.26590864,0.005585874,1,40
0,154,467,6,77,32.34,24.08526285,0.005585874,1,40
0,154,468,6,78,32.34,23.90461707,0.005585874,1,40
0,154,469,6,79,32.34,23.72397128,0.005585874,1,40
0,155,469,6,80,32.34,23.5433255,0.005585874,1,40
0,155,470,6,81,32.34,23.36267971,0.005585874,1,40
0,155,471,6,82,32.34,23.18203393,0.005585874,1,40
0,155,472,6,83,32.34,23.00138814,0.005585874,1,40
0,155,473,6,84,32.34,22.82074236,0.005585874,1,40
0,155,474,6,85,32.34,22.64009657,0.005585874,1,40
0,155,475,6,86,32.34,22.45945079,0.005585874,1,40
0,155,476,6,87,32.34,22.278805,0.005585874,1,40
0,155,477,6,88,32.34,22.09815922,0.005585874,1,40
0,155,478,6,89,32.34,21.91751343,0.005585874,1,40
0,156,478,6,90,32.34,21.73686765,0.005585874,1,40
0,156,479,6,91,32.34,21.55622186,0.005585874,1,40
0,156,480,6,92,32.34,21.37557608,0.005585874,1,40
0,156,481,6,93,32.34,21.1949303,0.005585874,1,40
0,155,481,6,94,32.34,21.01428451,0.005585874,1,40
0,155,482,6,95,32.34,20.83363873,0.005585874,1,40
0,155,483,6,96,32.34,20.65299294,0.005585874,1,40
0,155,484,6,97,32.34,20.47234716,0.005585874,1,40
0,155,485,6,98,32.34,20.29170137,0.005585874,1,40
0,155,486,6,99,32.34,20.11105559,0.005585874,1,40
0,155,487,6,100,32.34,19.9304098,0.005585874,1,40
0,155,488,6,101,32.34,19.74976402,0.005585874,1,40
0,155,489,6,102,32.34,19.56911823,0.005585874,1,40
0,155,490,6,103,32.34,19.38847245,0.005585874,1,40
0,154,490,6,104,32.34,19.20782666,0.005585874,1,40
0,153,490,6,105,32.34,19.02718088,0.005585874,1,40
0,153,491,6,106,32.34,18.84653509,0.005585874,1,40
0,153,492,6,107,32.34,18.66588931,0.005585874,1,40
0,152,492,6,108,32.34,18.48524352,0.005585874,1,40
0,152,493,6,109,32.34,18.30459774,0.005585874,1,40
0,152,494,6,110,32.34,18.12395195,0.005585874,1,40
0,151,494,6,111,32.34,17.94330617,0.005585874,1,40
0,151,495,6,112,32.34,17.76266038,0.005585874,1,40
0,151,496,6,113,32.34,17.5820146,0.005585874,1,40
0,150,496,6,114,32.34,17.40136881,0.005585874,1,40
0,150,497,6,115,32.34,17.22072303,0.005585874,1,40
0,150,498,6,116,32.34,17.04007724,0.005585874,1,40
0,150,499,6,117,32.34,16.85943146,0.005585874,1,40
0,149,499,6,118,32.34,16.67878567,0.005585874,1,40
0,149,500,6,119,32.34,16.49813989,0.005585874,1,40
0,149,501,6,120,32.34,16.3174941,0.005585874,1,40
0,148,501,6,121,32.34,16.13684832,0.005585874,1,40
0,148,502,6,122,32.34,15.95620254,0.005585874,1,40
0,148,503,6,123,32.34,15.77555675,0.005585874,1,40
0,148,504,6,124,32.34,15.59491097,0.005585874,1,40
0,148,505,6,125,32.34,15.41426518,0.005585874,1,40
0,148,506,6,126,32.34,15.2336194,0.005585874,1,40
0,148,507,6,127,32.34,15.05297361,0.005585874,1,40
0,148,508,6,128,32.34,14.87232783,0.005585874,1,40
0,148,509,6,129,32.34,14.69168204,0.005585874,1,40
0,148,510,6,130,32.34,14.51103626,0.005585874,1,40
0,149,510,6,131,32.34,14.33039047,0.005585874,1,40
0,149,511,6,132,32.34,14.14974469,0.005585874,1,40
0,149,512,6,133,32.34,13.9690989,0.005585874,1,40
0,149,513,6,134,32.34,13.78845312,0.005585874,1,40
0,149,514,6,135,32.34,13.60780733,0.005585874,1,40
0,149,515,6,136,32.34,13.42716155,0.005585874,1,40
0,149,516,6,137,32.34,13.24651576,0.005585874,1,40
0,149,517,6,138,32.34,13.06586998,0.005585874,1,40
0,149,518,6,139,32.34,12.88522419,0.005585874,1,40
0,149,519,6,140,32.34,12.70457841,0.005585874,1,40
0,149,520,6,141,32.34,12.52393262,0.005585874,1,40
0,149,521,6,142,32.34,12.34328684,0.005585874,1,40
0,148,521,6,143,32.34,12.16264105,0.005585874,1,40
0,148,522,6,144,32.34,11.98199527,0.005585874,1,40
0,148,523,6,145,32.34,11.80134948,0.005585874,1,40
0,148,524,6,146,32.34,11.6207037,0.005585874,1,40
0,147,524,6,147,32.34,11.44005791,0.005585874,1,40
0,147,525,6,148,32.34,11.25941213,0.005585874,1,40
0,147,526,6,149,32.34,11.07876634,0.005585874,1,40
0,147,527,6,150,32.34,10.89812056,0.005585874,1,40
0,146,527,6,151,32.34,10.71747477,0.005585874,1,40
0,146,528,6,152,32.34,10.53682899,0.005585874,1,40
0,192,362,7,1,32.34,38.00445175,0.003571264,1,40
0,192,363,7,2,32.34,37.88895796,0.003571264,1,40
0,192,364,7,3,32.34,37.77346417,0.003571264,1,40
0,193,364,7,4,32.34,37.65797038,0.003571264,1,40
0,193,365,7,5,32.34,37.54247659,0.003571264,1,40
0,193,366,7,6,32.34,37.4269828,0.003571264,1,40
0,194,366,7,7,32.34,37.31148901,0.003571264,1,40
0,194,367,7,8,32.34,37.19599522,0.003571264,1,40
0,194,368,7,9,32.34,37.08050143,0.003571264,1,40
0,195,368,7,10,32.34,36.96500765,0.003571264,1,40
0,195,369,7,11,32.34,36.84951386,0.003571264,1,40
0,195,370,7,12,32.34,36.73402007,0.003571264,1,40
0,195,371,7,13,32.34,36.61852628,0.003571264,1,40
0,195,372,7,14,32.34,36.50303249,0.003571264,1,40
0,195,373,7,15,32.34,36.3875387,0.003571264,1,40
0,195,374,7,16,32.34,36.27204491,0.003571264,1,40
0,195,375,7,17,32.34,36.15655112,0.003571264,1,40
0,196,375,7,18,32.34,36.04105733,0.003571264,1,40
0,196,376,7,19,32.34,35.92556354,0.003571264,1,40
0,197,376,7,20,32.34,35.81006975,0.003571264,1,40
0,198,376,7,21,32.34,35.69457596,0.003571264,1,40
0,199,376,7,22,32.34,35.57908217,0.003571264,1,40
0,200,376,7,23,32.34,35.46358838,0.003571264,1,40
0,201,376,7,24,32.34,35.34809459,0.003571264,1,40
0,201,375,7,25,32.34,35.2326008,0.003571264,1,40
0,202,375,7,26,32.34,35.11710701,0.003571264,1,40
0,203,375,7,27,32.34,35.00161323,0.003571264,1,40
0,204,375,7,28,32.34,34.88611944,0.003571264,1,40
0,205,375,7,29,32.34,34.77062565,0.003571264,1,40
0,206,375,7,30,32.34,34.65513186,0.003571264,1,40
0,207,375,7,31,32.34,34.53963807,0.003571264,1,40
0,207,376,7,32,32.34,34.42414428,0.003571264,1,40
0,208,376,7,33,32.34,34.30865049,0.003571264,1,40
0,208,377,7,34,32.34,34.1931567,0.003571264,1,40
0,209,377,7,35,32.34,34.07766291,0.003571264,1,40
0,210,377,7,36,32.34,33.96216912,0.003571264,1,40
0,211,377,7,37,32.34,33.84667533,0.003571264,1,40
0,212,377,7,38,32.34,33.73118154,0.003571264,1,40
0,213,377,7,39,32.34,33.61568775,0.003571264,1,40
0,214,377,7,40,32.34,33.50019396,0.003571264,1,40
0,215,377,7,41,32.34,33.38470017,0.003571264,1,40
0,215,378,7,42,32.34,33.26920638,0.003571264,1,40
0,215,379,7,43,32.34,33.15371259,0.003571264,1,40
0,215,380,7,44,32.34,33.03821881,0.003571264,1,40
0,215,381,7,45,32.34,32.92272502,0.003571264,1,40
0,215,382,7,46,32.34,32.80723123,0.003571264,1,40
0,215,383,7,47,32.34,32.69173744,0.003571264,1,40
0,215,384,7,48,32.34,32.57624365,0.003571264,1,40
0,215,385,7,49,32.34,32.46074986,0.003571264,1,40
0,216,385,7,50,32.34,32.34525607,0.003571264,1,40
0,216,386,7,51,32.34,32.22976228,0.003571264,1,40
0,216,387,7,52,32.34,32.11426849,0.003571264,1,40
0,216,388,7,53,32.34,31.9987747,0.003571264,1,40
0,216,389,7,54,32.34,31.88328091,0.003571264,1,40
0,217,389,7,55,32.34,31.76778712,0.003571264,1,40
0,217,390,7,56,32.34,31.65229333,0.003571264,1,40
0,217,391,7,57,32.34,31.53679954,0.003571264,1,40
0,217,392,7,58,32.34,31.42130575,0.003571264,1,40
0,218,392,7,59,32.34,31.30581196,0.003571264,1,40
0,218,393,7,60,32.34,31.19031817,0.003571264,1,40
0,218,394,7,61,32.34,31.07482439,0.003571264,1,40
0,219,394,7,62,32.34,30.9593306,0.003571264,1,40
0,219,395,7,63,32.34,30.84383681,0.003571264,1,40
0,220,395,7,64,32.34,30.72834302,0.003571264,1,40
0,220,396,7,65,32.34,30.61284923,0.003571264,1,40
0,220,397,7,66,32.34,30.49735544,0.003571264,1,40
0,221,397,7,67,32.34,30.38186165,0.003571264,1,40
0,221,398,7,68,32.34,30.26636786,0.003571264,1,40
0,222,398,7,69,32.34,30.15087407,0.003571264,1,40
0,222,399,7,70,32.34,30.03538028,0.003571264,1,40
0,223,399,7,71,32.34,29.91988649,0.003571264,1,40
0,223,400,7,72,32.34,29.8043927,0.003571264,1,40
0,224,400,7,73,32.34,29.68889891,0.003571264,1,40
0,224,401,7,74,32.34,29.57340512,0.003571264,1,40
0,224,402,7,75,32.34,29.45791133,0.003571264,1,40
0,225,402,7,76,32.34,29.34241754,0.003571264,1,40
0,225,403,7,77,32.34,29.22692375,0.003571264,1,40
0,225,404,7,78,32.34,29.11142997,0.003571264,1,40
0,225,405,7,79,32.34,28.99593618,0.003571264,1,40
0,225,406,7,80,32.34,28.88044239,0.003571264,1,40
0,226,406,7,81,32.34,28.7649486,0.003571264,1,40
0,227,406,7,82,32.34,28.64945481,0.003571264,1,40
0,227,407,7,83,32.34,28.53396102,0.003571264,1,40
0,228,407,7,84,32.34,28.41846723,0.003571264,1,40
0,228,408,7,85,32.34,28.30297344,0.003571264,1,40
0,228,409,7,86,32.34,28.18747965,0.003571264,1,40
0,229,409,7,87,32.34,28.07198586,0.003571264,1,40
0,229,410,7,88,32.34,27.95649207,0.003571264,1,40
0,230,410,7,89,32.34,27.84099828,0.003571264,1,40
0,230,411,7,90,32.34,27.72550449,0.003571264,1,40
0,231,411,7,91,32.34,27.6100107,0.003571264,1,40
0,232,411,7,92,32.34,27.49451691,0.003571264,1,40
0,232,412,7,93,32.34,27.37902312,0.003571264,1,40
0,233,412,7,94,32.34,27.26352933,0.003571264,1,40
0,234,412,7,95,32.34,27.14803555,0.003571264,1,40
0,235,412,7,96,32.34,27.03254176,0.003571264,1,40
0,236,412,7,97,32.34,26.91704797,0.003571264,1,40
0,237,412,7,98,32.34,26.80155418,0.003571264,1,40
0,238,412,7,99,32.34,26.68606039,0.003571264,1,40
0,239,412,7,100,32.34,26.5705666,0.003571264,1,40
0,239,413,7,101,32.34,26.45507281,0.003571264,1,40
0,240,413,7,102,32.34,26.33957902,0.003571264,1,40
0,240,414,7,103,32.34,26.22408523,0.003571264,1,40
0,240,415,7,104,32.34,26.10859144,0.003571264,1,40
0,241,415,7,105,32.34,25.99309765,0.003571264,1,40
0,241,416,7,106,32.34,25.87760386,0.003571264,1,40
0,241,417,7,107,32.34,25.76211007,0.003571264,1,40
0,242,417,7,108,32.34,25.64661628,0.003571264,1,40
0,242,418,7,109,32.34,25.53112249,0.003571264,1,40
0,243,418,7,110,32.34,25.4156287,0.003571264,1,40
0,243,419,7,111,32.34,25.30013491,0.003571264,1,40
0,243,420,7,112,32.34,25.18464113,0.003571264,1,40
0,243,421,7,113,32.34,25.06914734,0.003571264,1,40
0,243,422,7,114,32.34,24.95365355,0.003571264,1,40
0,243,423,7,115,32.34,24.83815976,0.003571264,1,40
0,244,423,7,116,32.34,24.72266597,0.003571264,1,40
0,244,424,7,117,32.34,24.60717218,0.003571264,1,40
0,244,425,7,118,32.34,24.49167839,0.003571264,1,40
0,245,425,7,119,32.34,24.3761846,0.003571264,1,40
0,245,426,7,120,32.34,24.26069081,0.003571264,1,40
0,245,427,7,121,32.34,24.14519702,0.003571264,1,40
0,246,427,7,122,32.34,24.02970323,0.003571264,1,40
0,247,427,7,123,32.34,23.91420944,0.003571264,1,40
0,247,426,7,124,32.34,23.79871565,0.003571264,1,40
0,248,426,7,125,32.34,23.68322186,0.003571264,1,40
0,249,426,7,126,32.34,23.56772807,0.003571264,1,40
0,250,426,7,127,32.34,23.45223428,0.003571264,1,40
0,250,427,7,128,32.34,23.3367405,0.003571264,1,40
0,250,428,7,129,32.34,23.22124671,0.003571264,1,40
0,251,428,7,130,32.34,23.10575292,0.003571264,1,40
0,251,429,7,131,32.34,22.99025913,0.003571264,1,40
0,251,430,7,132,32.34,22.87476534,0.003571264,1,40
0,251,431,7,133,32.34,22.75927155,0.003571264,1,40
0,251,432,7,134,32.34,22.64377776,0.003571264,1,40
0,251,433,7,135,32.34,22.52828397,0.003571264,1,40
0,252,433,7,136,32.34,22.41279018,0.003571264,1,40
0,252,434,7,137,32.34,22.29729639,0.003571264,1,40
0,252,435,7,138,32.34,22.1818026,0.003571264,1,40
0,252,436,7,139,32.34,22.06630881,0.003571264,1,40
0,252,437,7,140,32.34,21.95081502,0.003571264,1,40
0,251,437,7,141,32.34,21.83532123,0.003571264,1,40
0,251,438,7,142,32.34,21.71982744,0.003571264,1,40
0,251,439,7,143,32.34,21.60433365,0.003571264,1,40
0,250,439,7,144,32.34,21.48883986,0.003571264,1,40
0,250,440,7,145,32.34,21.37334608,0.003571264,1,40
0,250,441,7,146,32.34,21.25785229,0.003571264,1,40
0,250,442,7,147,32.34,21.1423585,0.003571264,1,40
0,250,443,7,148,32.34,21.02686471,0.003571264,1,40
0,249,443,7,149,32.34,20.91137092,0.003571264,1,40
0,249,444,7,150,32.34,20.79587713,0.003571264,1,40
0,249,445,7,151,32.34,20.68038334,0.003571264,1,40
0,249,446,7,152,32.34,20.56488955,0.003571264,1,40
0,250,446,7,153,32.34,20.44939576,0.003571264,1,40
0,250,447,7,154,32.34,20.33390197,0.003571264,1,40
0,250,448,7,155,32.34,20.21840818,0.003571264,1,40
0,250,449,7,156,32.34,20.10291439,0.003571264,1,40
0,250,450,7,157,32.34,19.9874206,0.003571264,1,40
0,251,450,7,158,32.34,19.87192681,0.003571264,1,40
0,251,451,7,159,32.34,19.75643302,0.003571264,1,40
0,251,452,7,160,32.34,19.64093923,0.003571264,1,40
0,251,453,7,161,32.34,19.52544544,0.003571264,1,40
0,251,454,7,162,32.34,19.40995166,0.003571264,1,40
0,251,455,7,163,32.34,19.29445787,0.003571264,1,40
0,251,456,7,164,32.34,19.17896408,0.003571264,1,40
0,251,457,7,165,32.34,19.06347029,0.003571264,1,40
0,251,458,7,166,32.34,18.9479765,0.003571264,1,40
0,251,459,7,167,32.34,18.83248271,0.003571264,1,40
0,251,460,7,168,32.34,18.71698892,0.003571264,1,40
0,251,461,7,169,32.34,18.60149513,0.003571264,1,40
0,252,461,7,170,32.34,18.48600134,0.003571264,1,40
0,252,462,7,171,32.34,18.37050755,0.003571264,1,40
0,252,463,7,172,32.34,18.25501376,0.003571264,1,40
0,253,463,7,173,32.34,18.13951997,0.003571264,1,40
0,253,464,7,174,32.34,18.02402618,0.003571264,1,40
0,253,465,7,175,32.34,17.90853239,0.003571264,1,40
0,253,466,7,176,32.34,17.7930386,0.003571264,1,40
0,253,467,7,177,32.34,17.67754481,0.003571264,1,40
0,253,468,7,178,32.34,17.56205102,0.003571264,1,40
0,253,469,7,179,32.34,17.44655724,0.003571264,1,40
0,253,470,7,180,32.34,17.33106345,0.003571264,1,40
0,254,470,7,181,32.34,17.21556966,0.003571264,1,40
0,254,471,7,182,32.34,17.10007587,0.003571264,1,40
0,254,472,7,183,32.34,16.98458208,0.003571264,1,40
0,255,472,7,184,32.34,16.86908829,0.003571264,1,40
0,255,473,7,185,32.34,16.7535945,0.003571264,1,40
0,256,473,7,186,32.34,16.63810071,0.003571264,1,40
0,257,473,7,187,32.34,16.52260692,0.003571264,1,40
0,258,473,7,188,32.34,16.40711313,0.003571264,1,40
0,259,473,7,189,32.34,16.29161934,0.003571264,1,40
0,259,474,7,190,32.34,16.17612555,0.003571264,1,40
0,259,475,7,191,32.34,16.06063176,0.003571264,1,40
0,259,476,7,192,32.34,15.94513797,0.003571264,1,40
0,260,476,7,193,32.34,15.82964418,0.003571264,1,40
0,260,477,7,194,32.34,15.71415039,0.003571264,1,40
0,260,478,7,195,32.34,15.5986566,0.003571264,1,40
0,260,479,7,196,32.34,15.48316282,0.003571264,1,40
0,260,480,7,197,32.34,15.36766903,0.003571264,1,40
0,260,481,7,198,32.34,15.25217524,0.003571264,1,40
0,260,482,7,199,32.34,15.13668145,0.003571264,1,40
0,260,483,7,200,32.34,15.02118766,0.003571264,1,40
0,260,484,7,201,32.34,14.90569387,0.003571264,1,40
0,261,484,7,202,32.34,14.79020008,0.003571264,1,40
0,261,485,7,203,32.34,14.67470629,0.003571264,1,40
0,261,486,7,204,32.34,14.5592125,0.003571264,1,40
0,262,486,7,205,32.34,14.44371871,0.003571264,1,40
0,262,487,7,206,32.34,14.32822492,0.003571264,1,40
0,263,487,7,207,32.34,14.21273113,0.003571264,1,40
0,263,488,7,208,32.34,14.09723734,0.003571264,1,40
0,263,489,7,209,32.34,13.98174355,0.003571264,1,40
0,264,489,7,210,32.34,13.86624976,0.003571264,1,40
0,264,490,7,211,32.34,13.75075597,0.003571264,1,40
0,264,491,7,212,32.34,13.63526218,0.003571264,1,40
0,264,492,7,213,32.34,13.5197684,0.003571264,1,40
0,264,493,7,214,32.34,13.40427461,0.003571264,1,40
0,264,494,7,215,32.34,13.28878082,0.003571264,1,40
0,264,495,7,216,32.34,13.17328703,0.003571264,1,40
0,264,496,7,217,32.34,13.05779324,0.003571264,1,40
0,264,497,7,218,32.34,12.94229945,0.003571264,1,40
0,264,498,7,219,32.34,12.82680566,0.003571264,1,40
0,264,499,7,220,32.34,12.71131187,0.003571264,1,40
0,264,500,7,221,32.34,12.59581808,0.003571264,1,40
0,264,501,7,222,32.34,12.48032429,0.003571264,1,40
0,265,501,7,223,32.34,12.3648305,0.003571264,1,40
0,265,502,7,224,32.34,12.24933671,0.003571264,1,40
0,266,502,7,225,32.34,12.13384292,0.003571264,1,40
0,266,503,7,226,32.34,12.01834913,0.003571264,1,40
0,266,504,7,227,32.34,11.90285534,0.003571264,1,40
0,265,504,7,228,32.34,11.78736155,0.003571264,1,40
0,265,505,7,229,32.34,11.67186776,0.003571264,1,40
0,265,506,7,230,32.34,11.55637398,0.003571264,1,40
0,265,507,7,231,32.34,11.44088019,0.003571264,1,40
0,265,508,7,232,32.34,11.3253864,0.003571264,1,40
0,265,509,7,233,32.34,11.20989261,0.003571264,1,40
0,265,510,7,234,32.34,11.09439882,0.003571264,1,40
0,265,511,7,235,32.34,10.97890503,0.003571264,1,40
0,265,512,7,236,32.34,10.86341124,0.003571264,1,40
0,265,513,7,237,32.34,10.74791745,0.003571264,1,40
0,265,514,7,238,32.34,10.63242366,0.003571264,1,40
0,265,515,7,239,32.34,10.51692987,0.003571264,1,40
0,264,515,7,240,32.34,10.40143608,0.003571264,1,40
0,264,516,7,241,32.34,10.28594229,0.003571264,1,40
0,264,517,7,242,32.34,10.1704485,0.003571264,1,40
0,264,518,7,243,32.34,10.05495471,0.003571264,1,40
0,264,519,7,244,32.34,9.939460924,0.003571264,1,40
0,264,520,7,245,32.34,9.823967134,0.003571264,1,40
0,263,520,7,246,32.34,9.708473345,0.003571264,1,40
0,263,521,7,247,32.34,9.592979555,0.003571264,1,40
0,263,522,7,248,32.34,9.477485766,0.003571264,1,40
0,263,523,7,249,32.34,9.361991976,0.003571264,1,40
0,263,524,7,250,32.34,9.246498187,0.003571264,1,40
0,263,525,7,251,32.34,9.131004398,0.003571264,1,40
0,262,525,7,252,32.34,9.015510608,0.003571264,1,40
0,262,526,7,253,32.34,8.900016819,0.003571264,1,40
0,262,527,7,254,32.34,8.784523029,0.003571264,1,40
0,262,528,7,255,32.34,8.66902924,0.003571264,1,40
